0,1,2,3,4,5
56.0,33115.0,9.0,0.0,0.0,40.0
25.0,112847.0,9.0,0.0,0.0,40.0
43.0,170525.0,13.0,14344.0,0.0,40.0
32.0,186788.0,9.0,0.0,0.0,40.0
39.0,277886.0,13.0,0.0,0.0,30.0
20.0,323009.0,9.0,0.0,0.0,40.0
54.0,146834.0,9.0,0.0,0.0,45.0
25.0,166977.0,13.0,0.0,1887.0,40.0
30.0,209317.0,9.0,0.0,0.0,50.0
33.0,92865.0,10.0,0.0,0.0,40.0
42.0,83953.0,10.0,0.0,0.0,70.0
24.0,211527.0,13.0,0.0,0.0,30.0
48.0,50880.0,10.0,0.0,0.0,40.0
21.0,253583.0,7.0,0.0,0.0,45.0
37.0,117651.0,13.0,0.0,0.0,40.0
36.0,64875.0,11.0,0.0,0.0,60.0
26.0,212798.0,13.0,0.0,0.0,45.0
25.0,521400.0,3.0,0.0,0.0,40.0
66.0,37170.0,9.0,0.0,0.0,42.0
37.0,472517.0,11.0,0.0,0.0,4.0
54.0,188136.0,13.0,0.0,1408.0,38.0
45.0,172274.0,16.0,0.0,3004.0,35.0
33.0,177727.0,9.0,0.0,0.0,40.0
67.0,182378.0,13.0,9386.0,0.0,60.0
31.0,375680.0,13.0,0.0,0.0,40.0
22.0,227994.0,10.0,0.0,0.0,39.0
62.0,139391.0,10.0,0.0,0.0,24.0
22.0,264102.0,10.0,0.0,0.0,39.0
24.0,317443.0,13.0,0.0,0.0,40.0
32.0,90446.0,6.0,0.0,0.0,40.0
35.0,103260.0,14.0,0.0,0.0,35.0
45.0,276157.0,13.0,0.0,0.0,40.0
40.0,246949.0,9.0,0.0,0.0,40.0
27.0,419146.0,3.0,0.0,0.0,75.0
32.0,86723.0,9.0,0.0,0.0,52.0
34.0,114973.0,9.0,0.0,0.0,30.0
58.0,189528.0,9.0,0.0,0.0,84.0
25.0,67467.0,9.0,0.0,0.0,40.0
44.0,230684.0,9.0,0.0,0.0,55.0
21.0,417668.0,9.0,0.0,0.0,36.0
61.0,87300.0,9.0,0.0,0.0,40.0
18.0,205894.0,7.0,0.0,0.0,15.0
40.0,170730.0,9.0,0.0,0.0,50.0
31.0,382583.0,9.0,0.0,0.0,40.0
28.0,232945.0,9.0,0.0,0.0,30.0
26.0,53209.0,9.0,0.0,0.0,40.0
46.0,151325.0,6.0,0.0,0.0,40.0
27.0,153805.0,10.0,0.0,0.0,50.0
51.0,334679.0,11.0,0.0,0.0,40.0
50.0,137815.0,13.0,0.0,0.0,40.0
42.0,170649.0,10.0,0.0,0.0,60.0
20.0,188923.0,10.0,0.0,0.0,37.0
45.0,38950.0,13.0,0.0,0.0,40.0
50.0,167065.0,13.0,0.0,0.0,40.0
44.0,129100.0,7.0,0.0,0.0,60.0
47.0,73394.0,10.0,0.0,0.0,50.0
49.0,27802.0,10.0,0.0,1887.0,40.0
47.0,270079.0,4.0,0.0,0.0,40.0
61.0,224638.0,9.0,0.0,0.0,40.0
40.0,254167.0,6.0,0.0,0.0,35.0
39.0,187921.0,9.0,0.0,0.0,99.0
28.0,239753.0,9.0,0.0,0.0,40.0
30.0,29662.0,12.0,0.0,0.0,25.0
23.0,131230.0,9.0,0.0,0.0,20.0
30.0,175690.0,10.0,0.0,0.0,40.0
35.0,105821.0,9.0,5178.0,0.0,40.0
39.0,357118.0,13.0,0.0,1974.0,40.0
30.0,169583.0,13.0,0.0,0.0,40.0
39.0,122353.0,13.0,0.0,0.0,45.0
33.0,162930.0,13.0,0.0,0.0,50.0
20.0,424034.0,10.0,0.0,0.0,15.0
21.0,176998.0,9.0,0.0,0.0,40.0
47.0,158286.0,14.0,0.0,0.0,50.0
43.0,152420.0,10.0,0.0,0.0,50.0
24.0,161092.0,13.0,0.0,0.0,40.0
59.0,59584.0,9.0,0.0,0.0,40.0
42.0,144594.0,9.0,0.0,0.0,40.0
48.0,105138.0,9.0,0.0,0.0,40.0
28.0,180299.0,9.0,0.0,0.0,48.0
72.0,473748.0,9.0,0.0,0.0,30.0
41.0,289551.0,9.0,7688.0,0.0,40.0
23.0,117618.0,10.0,0.0,0.0,35.0
27.0,247978.0,9.0,0.0,0.0,40.0
21.0,51985.0,9.0,0.0,0.0,40.0
38.0,35890.0,9.0,0.0,0.0,40.0
47.0,326048.0,9.0,0.0,0.0,40.0
28.0,72514.0,10.0,0.0,0.0,72.0
26.0,208881.0,13.0,0.0,0.0,42.0
46.0,160647.0,13.0,0.0,0.0,38.0
51.0,202752.0,8.0,0.0,0.0,40.0
33.0,254221.0,9.0,0.0,0.0,40.0
34.0,87310.0,9.0,2174.0,0.0,40.0
40.0,104196.0,9.0,0.0,0.0,45.0
51.0,97005.0,4.0,0.0,0.0,40.0
42.0,311920.0,13.0,0.0,1485.0,17.0
30.0,267281.0,13.0,0.0,0.0,50.0
30.0,272669.0,10.0,0.0,0.0,40.0
35.0,202027.0,13.0,7298.0,0.0,35.0
57.0,279636.0,11.0,0.0,0.0,40.0
49.0,186256.0,10.0,0.0,0.0,40.0
44.0,58124.0,13.0,0.0,0.0,45.0
69.0,473040.0,3.0,0.0,0.0,40.0
54.0,111130.0,10.0,0.0,0.0,50.0
32.0,118551.0,13.0,0.0,0.0,35.0
27.0,262723.0,10.0,0.0,0.0,40.0
53.0,134854.0,11.0,0.0,0.0,40.0
19.0,216413.0,10.0,0.0,0.0,20.0
26.0,241852.0,8.0,0.0,0.0,40.0
37.0,176967.0,10.0,0.0,0.0,50.0
74.0,45319.0,8.0,1409.0,0.0,20.0
19.0,278304.0,10.0,0.0,0.0,15.0
68.0,99849.0,9.0,0.0,0.0,28.0
54.0,188588.0,3.0,0.0,2001.0,35.0
26.0,218993.0,13.0,0.0,0.0,30.0
51.0,182944.0,9.0,0.0,0.0,40.0
34.0,154874.0,9.0,4416.0,0.0,30.0
47.0,209460.0,10.0,4386.0,0.0,40.0
55.0,247552.0,10.0,0.0,0.0,56.0
35.0,238591.0,10.0,0.0,0.0,40.0
40.0,157403.0,10.0,0.0,0.0,38.0
41.0,184630.0,13.0,4416.0,0.0,40.0
33.0,107248.0,11.0,0.0,0.0,45.0
47.0,68493.0,9.0,0.0,0.0,40.0
67.0,342175.0,14.0,2009.0,0.0,40.0
25.0,80312.0,11.0,4865.0,0.0,40.0
31.0,265509.0,11.0,0.0,0.0,32.0
39.0,393480.0,9.0,0.0,0.0,40.0
48.0,452402.0,16.0,0.0,0.0,15.0
33.0,198727.0,9.0,0.0,0.0,40.0
45.0,363298.0,13.0,0.0,0.0,45.0
24.0,35448.0,9.0,0.0,0.0,50.0
38.0,332154.0,13.0,0.0,0.0,60.0
23.0,203139.0,10.0,0.0,0.0,40.0
35.0,115215.0,10.0,0.0,0.0,45.0
71.0,228806.0,5.0,0.0,0.0,6.0
37.0,168941.0,7.0,0.0,0.0,40.0
41.0,165815.0,10.0,0.0,0.0,60.0
52.0,101113.0,9.0,0.0,0.0,66.0
35.0,77146.0,9.0,2829.0,0.0,45.0
47.0,284907.0,9.0,0.0,0.0,40.0
37.0,35330.0,9.0,0.0,1669.0,55.0
60.0,27466.0,10.0,0.0,0.0,40.0
42.0,180985.0,6.0,99999.0,0.0,40.0
52.0,202956.0,4.0,0.0,0.0,40.0
59.0,132559.0,16.0,0.0,1977.0,55.0
24.0,86745.0,13.0,0.0,0.0,16.0
52.0,334273.0,12.0,0.0,0.0,40.0
41.0,187881.0,10.0,3942.0,0.0,40.0
24.0,278107.0,9.0,0.0,0.0,60.0
40.0,544792.0,10.0,0.0,0.0,40.0
19.0,73009.0,10.0,0.0,0.0,15.0
32.0,399088.0,13.0,0.0,0.0,45.0
20.0,277700.0,1.0,0.0,0.0,32.0
22.0,113703.0,10.0,0.0,0.0,20.0
47.0,294671.0,9.0,0.0,0.0,55.0
22.0,333197.0,9.0,0.0,2205.0,45.0
21.0,449101.0,9.0,0.0,0.0,40.0
24.0,408585.0,4.0,0.0,0.0,45.0
31.0,87535.0,10.0,0.0,0.0,25.0
56.0,340171.0,9.0,0.0,0.0,40.0
23.0,394612.0,13.0,0.0,0.0,40.0
23.0,195411.0,9.0,0.0,0.0,40.0
46.0,167159.0,10.0,0.0,0.0,70.0
35.0,189922.0,9.0,0.0,0.0,40.0
43.0,208045.0,14.0,0.0,0.0,40.0
37.0,222450.0,3.0,0.0,0.0,40.0
37.0,255454.0,4.0,7298.0,0.0,35.0
27.0,47907.0,13.0,0.0,0.0,40.0
29.0,135791.0,13.0,15024.0,0.0,50.0
21.0,143582.0,13.0,0.0,0.0,45.0
29.0,239753.0,9.0,0.0,2057.0,20.0
41.0,190290.0,9.0,0.0,0.0,40.0
35.0,90273.0,4.0,0.0,0.0,40.0
36.0,129150.0,9.0,0.0,0.0,50.0
29.0,184224.0,9.0,0.0,0.0,40.0
22.0,54560.0,9.0,0.0,0.0,60.0
38.0,65324.0,15.0,0.0,0.0,40.0
53.0,30244.0,12.0,15024.0,0.0,40.0
34.0,140092.0,9.0,0.0,0.0,40.0
21.0,321369.0,6.0,0.0,0.0,40.0
31.0,110643.0,13.0,0.0,0.0,40.0
67.0,152102.0,9.0,0.0,0.0,65.0
20.0,218215.0,10.0,0.0,0.0,40.0
29.0,208406.0,9.0,0.0,0.0,35.0
34.0,608881.0,9.0,0.0,0.0,40.0
32.0,72591.0,9.0,0.0,0.0,40.0
32.0,155232.0,13.0,0.0,0.0,60.0
29.0,131712.0,7.0,0.0,0.0,40.0
39.0,152587.0,9.0,0.0,0.0,40.0
58.0,215245.0,13.0,0.0,0.0,37.0
46.0,233493.0,9.0,0.0,1579.0,40.0
37.0,215503.0,9.0,4386.0,0.0,45.0
43.0,248186.0,12.0,0.0,0.0,38.0
50.0,120914.0,7.0,0.0,0.0,40.0
51.0,256051.0,7.0,0.0,1628.0,40.0
67.0,350525.0,10.0,0.0,0.0,15.0
48.0,200471.0,13.0,0.0,0.0,40.0
32.0,130007.0,6.0,0.0,0.0,35.0
39.0,329980.0,13.0,15024.0,0.0,50.0
41.0,299813.0,5.0,0.0,0.0,70.0
40.0,182629.0,13.0,0.0,0.0,40.0
36.0,358373.0,9.0,0.0,0.0,36.0
47.0,140644.0,9.0,0.0,0.0,40.0
65.0,176796.0,16.0,0.0,0.0,40.0
54.0,329733.0,9.0,0.0,0.0,40.0
63.0,106648.0,9.0,0.0,0.0,25.0
48.0,80651.0,9.0,0.0,0.0,55.0
32.0,566117.0,10.0,0.0,0.0,40.0
25.0,208117.0,13.0,0.0,0.0,40.0
37.0,183800.0,12.0,0.0,1887.0,40.0
20.0,197752.0,10.0,0.0,0.0,16.0
32.0,264554.0,10.0,0.0,0.0,40.0
41.0,287037.0,10.0,0.0,0.0,40.0
27.0,333990.0,11.0,0.0,0.0,40.0
55.0,177163.0,14.0,914.0,0.0,50.0
67.0,268514.0,13.0,0.0,0.0,40.0
69.0,187332.0,15.0,20051.0,0.0,45.0
38.0,170174.0,6.0,0.0,0.0,40.0
41.0,129865.0,9.0,0.0,0.0,60.0
46.0,36228.0,9.0,0.0,1902.0,40.0
32.0,261059.0,10.0,0.0,0.0,50.0
36.0,94954.0,9.0,0.0,0.0,40.0
44.0,92162.0,9.0,0.0,0.0,40.0
32.0,149787.0,11.0,0.0,0.0,50.0
26.0,384276.0,10.0,0.0,0.0,60.0
18.0,103497.0,10.0,0.0,0.0,30.0
55.0,124137.0,9.0,0.0,0.0,40.0
38.0,101192.0,10.0,0.0,0.0,40.0
49.0,255559.0,10.0,0.0,0.0,40.0
42.0,178780.0,14.0,0.0,0.0,50.0
24.0,325744.0,9.0,0.0,0.0,40.0
27.0,285432.0,12.0,0.0,0.0,40.0
28.0,108706.0,9.0,0.0,0.0,40.0
24.0,241857.0,10.0,0.0,0.0,35.0
26.0,248990.0,7.0,0.0,0.0,40.0
23.0,248978.0,7.0,0.0,0.0,40.0
23.0,178207.0,10.0,0.0,0.0,35.0
22.0,141698.0,6.0,0.0,0.0,40.0
31.0,349148.0,10.0,0.0,0.0,48.0
30.0,113838.0,11.0,3137.0,0.0,60.0
17.0,566049.0,6.0,0.0,0.0,8.0
39.0,235379.0,12.0,0.0,0.0,40.0
53.0,153486.0,9.0,0.0,0.0,30.0
33.0,243330.0,9.0,0.0,0.0,55.0
26.0,197764.0,13.0,0.0,0.0,40.0
34.0,344275.0,14.0,0.0,0.0,60.0
30.0,122042.0,14.0,0.0,0.0,45.0
36.0,370156.0,9.0,0.0,0.0,38.0
26.0,179569.0,10.0,0.0,0.0,40.0
54.0,447555.0,6.0,0.0,0.0,40.0
58.0,123886.0,9.0,0.0,0.0,40.0
70.0,143833.0,10.0,0.0,2246.0,40.0
20.0,400443.0,9.0,0.0,0.0,20.0
46.0,288608.0,9.0,0.0,0.0,40.0
48.0,156926.0,13.0,0.0,0.0,45.0
33.0,33404.0,9.0,0.0,0.0,65.0
49.0,95636.0,6.0,0.0,0.0,40.0
55.0,236731.0,2.0,0.0,0.0,40.0
20.0,246635.0,10.0,2597.0,0.0,20.0
35.0,134498.0,10.0,0.0,0.0,45.0
29.0,94880.0,10.0,0.0,0.0,40.0
25.0,335522.0,5.0,0.0,0.0,40.0
35.0,99146.0,11.0,0.0,0.0,55.0
27.0,180758.0,10.0,0.0,0.0,30.0
47.0,213745.0,10.0,0.0,0.0,45.0
27.0,420351.0,9.0,0.0,0.0,45.0
48.0,196689.0,13.0,0.0,0.0,40.0
31.0,381153.0,10.0,0.0,0.0,60.0
42.0,32533.0,10.0,0.0,0.0,45.0
29.0,24562.0,13.0,0.0,0.0,40.0
19.0,96483.0,9.0,0.0,0.0,40.0
39.0,115076.0,10.0,0.0,0.0,40.0
32.0,479179.0,7.0,0.0,0.0,40.0
58.0,175017.0,13.0,0.0,0.0,25.0
47.0,316101.0,9.0,0.0,0.0,40.0
43.0,194726.0,9.0,0.0,0.0,35.0
32.0,31714.0,10.0,4865.0,0.0,40.0
43.0,196945.0,9.0,0.0,0.0,78.0
23.0,179413.0,9.0,0.0,0.0,40.0
44.0,86298.0,13.0,0.0,0.0,45.0
41.0,164612.0,13.0,0.0,1887.0,50.0
21.0,162667.0,9.0,0.0,0.0,40.0
50.0,42402.0,15.0,0.0,2415.0,30.0
45.0,33794.0,14.0,0.0,0.0,40.0
65.0,350498.0,13.0,10605.0,0.0,20.0
40.0,103759.0,9.0,0.0,0.0,40.0
18.0,220836.0,7.0,0.0,0.0,20.0
69.0,185691.0,7.0,0.0,0.0,20.0
53.0,207449.0,6.0,0.0,0.0,40.0
29.0,341672.0,9.0,0.0,1564.0,50.0
24.0,43535.0,10.0,0.0,0.0,30.0
36.0,24504.0,9.0,0.0,0.0,40.0
58.0,489085.0,13.0,0.0,0.0,40.0
38.0,412296.0,9.0,0.0,0.0,28.0
44.0,245317.0,9.0,0.0,0.0,40.0
46.0,168211.0,9.0,0.0,0.0,75.0
19.0,250249.0,10.0,0.0,0.0,10.0
50.0,135339.0,8.0,0.0,0.0,40.0
42.0,175943.0,13.0,0.0,0.0,35.0
58.0,320102.0,16.0,0.0,0.0,50.0
57.0,106910.0,9.0,0.0,0.0,40.0
44.0,304530.0,10.0,0.0,0.0,55.0
36.0,139770.0,10.0,0.0,0.0,32.0
45.0,199590.0,3.0,0.0,0.0,38.0
42.0,247019.0,9.0,0.0,0.0,40.0
49.0,175958.0,10.0,0.0,0.0,80.0
44.0,211531.0,10.0,0.0,0.0,50.0
25.0,120596.0,13.0,0.0,0.0,44.0
37.0,199739.0,10.0,0.0,0.0,40.0
24.0,197200.0,9.0,0.0,0.0,44.0
36.0,289223.0,10.0,0.0,1848.0,40.0
27.0,278122.0,9.0,0.0,0.0,40.0
37.0,66304.0,5.0,0.0,0.0,16.0
33.0,255004.0,10.0,0.0,0.0,50.0
43.0,177905.0,10.0,0.0,0.0,40.0
35.0,283122.0,10.0,0.0,0.0,45.0
60.0,88675.0,9.0,0.0,0.0,40.0
58.0,234213.0,9.0,14344.0,0.0,48.0
29.0,394927.0,10.0,0.0,0.0,45.0
48.0,63466.0,9.0,0.0,0.0,32.0
33.0,618191.0,9.0,0.0,0.0,40.0
66.0,298834.0,10.0,0.0,0.0,40.0
53.0,202720.0,5.0,0.0,0.0,75.0
25.0,199947.0,9.0,0.0,0.0,40.0
51.0,186338.0,9.0,0.0,0.0,40.0
28.0,188278.0,13.0,0.0,0.0,50.0
30.0,172403.0,9.0,0.0,0.0,30.0
34.0,35595.0,13.0,0.0,0.0,30.0
27.0,588905.0,9.0,0.0,0.0,40.0
34.0,197886.0,13.0,0.0,0.0,60.0
35.0,210866.0,9.0,0.0,0.0,40.0
68.0,195881.0,9.0,2414.0,0.0,40.0
34.0,182274.0,10.0,0.0,1887.0,40.0
65.0,94809.0,9.0,0.0,0.0,40.0
37.0,103323.0,12.0,0.0,0.0,40.0
26.0,171114.0,13.0,0.0,0.0,40.0
26.0,163189.0,9.0,0.0,0.0,40.0
55.0,487411.0,14.0,0.0,0.0,40.0
63.0,346975.0,13.0,7688.0,0.0,36.0
20.0,105312.0,9.0,0.0,0.0,35.0
37.0,253006.0,10.0,0.0,0.0,45.0
47.0,176893.0,9.0,8614.0,0.0,44.0
31.0,188961.0,12.0,0.0,0.0,40.0
47.0,166894.0,10.0,0.0,0.0,40.0
22.0,236684.0,11.0,0.0,0.0,36.0
52.0,214091.0,9.0,0.0,0.0,40.0
41.0,175674.0,10.0,0.0,0.0,40.0
42.0,248094.0,9.0,0.0,0.0,50.0
46.0,181372.0,13.0,0.0,0.0,40.0
39.0,280570.0,13.0,0.0,0.0,45.0
32.0,98656.0,14.0,0.0,0.0,40.0
27.0,163320.0,12.0,0.0,0.0,40.0
28.0,192200.0,13.0,0.0,0.0,40.0
21.0,472861.0,7.0,0.0,0.0,40.0
50.0,240612.0,13.0,0.0,0.0,60.0
61.0,95680.0,12.0,3103.0,0.0,40.0
45.0,151817.0,14.0,0.0,0.0,36.0
35.0,234901.0,10.0,2407.0,0.0,40.0
26.0,287420.0,13.0,0.0,0.0,60.0
51.0,124963.0,14.0,0.0,0.0,40.0
29.0,244473.0,13.0,7688.0,0.0,40.0
27.0,210867.0,4.0,0.0,0.0,50.0
47.0,207540.0,4.0,0.0,0.0,40.0
24.0,257621.0,13.0,0.0,0.0,40.0
21.0,225724.0,10.0,0.0,0.0,20.0
51.0,157043.0,7.0,0.0,0.0,40.0
50.0,204577.0,13.0,0.0,1902.0,60.0
62.0,34916.0,10.0,0.0,0.0,40.0
48.0,379883.0,14.0,0.0,0.0,40.0
56.0,261232.0,9.0,0.0,0.0,40.0
48.0,117849.0,10.0,0.0,0.0,40.0
21.0,214387.0,10.0,0.0,0.0,64.0
57.0,78020.0,9.0,0.0,0.0,40.0
31.0,59083.0,10.0,0.0,1672.0,50.0
40.0,255824.0,14.0,0.0,0.0,40.0
29.0,341846.0,14.0,0.0,0.0,50.0
52.0,165050.0,9.0,0.0,0.0,48.0
54.0,96460.0,9.0,7688.0,0.0,60.0
34.0,229531.0,12.0,0.0,0.0,60.0
29.0,51944.0,9.0,4386.0,0.0,40.0
60.0,71683.0,5.0,0.0,0.0,49.0
19.0,63814.0,10.0,0.0,0.0,18.0
20.0,146538.0,9.0,0.0,0.0,40.0
25.0,199224.0,10.0,0.0,0.0,30.0
17.0,108402.0,6.0,0.0,0.0,20.0
52.0,266138.0,13.0,0.0,0.0,40.0
31.0,240283.0,13.0,0.0,0.0,40.0
72.0,305145.0,13.0,0.0,0.0,4.0
37.0,130620.0,8.0,0.0,0.0,33.0
47.0,80282.0,13.0,3137.0,0.0,40.0
31.0,292592.0,9.0,0.0,0.0,40.0
27.0,312485.0,9.0,0.0,0.0,32.0
42.0,121055.0,10.0,0.0,0.0,45.0
37.0,222450.0,7.0,0.0,0.0,40.0
31.0,219117.0,10.0,5455.0,0.0,60.0
48.0,58683.0,10.0,0.0,0.0,70.0
23.0,184271.0,13.0,0.0,0.0,36.0
17.0,28031.0,5.0,0.0,0.0,16.0
41.0,243607.0,3.0,0.0,0.0,40.0
31.0,326862.0,10.0,0.0,0.0,40.0
66.0,174788.0,10.0,0.0,0.0,20.0
43.0,184099.0,12.0,0.0,0.0,40.0
34.0,113838.0,10.0,0.0,0.0,45.0
55.0,189933.0,10.0,0.0,0.0,84.0
67.0,217892.0,16.0,10605.0,0.0,35.0
55.0,190508.0,10.0,0.0,0.0,35.0
39.0,256294.0,9.0,0.0,0.0,40.0
55.0,216941.0,9.0,2885.0,0.0,40.0
34.0,140011.0,9.0,0.0,0.0,45.0
28.0,312588.0,6.0,0.0,0.0,40.0
35.0,155961.0,9.0,0.0,0.0,35.0
39.0,89508.0,13.0,0.0,0.0,40.0
47.0,329205.0,13.0,0.0,0.0,40.0
39.0,201410.0,9.0,0.0,0.0,40.0
23.0,161478.0,10.0,0.0,0.0,23.0
35.0,54363.0,12.0,0.0,0.0,50.0
29.0,184806.0,12.0,0.0,0.0,20.0
32.0,128002.0,11.0,0.0,0.0,45.0
40.0,298635.0,14.0,0.0,1902.0,40.0
60.0,291904.0,6.0,0.0,0.0,40.0
32.0,370160.0,10.0,0.0,0.0,40.0
57.0,202765.0,9.0,0.0,0.0,40.0
39.0,193260.0,10.0,0.0,0.0,25.0
45.0,277434.0,13.0,0.0,0.0,50.0
50.0,71609.0,6.0,0.0,0.0,60.0
44.0,351262.0,10.0,0.0,0.0,38.0
49.0,165229.0,11.0,0.0,0.0,40.0
45.0,200363.0,11.0,0.0,0.0,44.0
36.0,414683.0,13.0,0.0,0.0,40.0
27.0,198286.0,10.0,0.0,0.0,40.0
43.0,84924.0,10.0,0.0,0.0,44.0
18.0,168740.0,7.0,0.0,0.0,30.0
41.0,79586.0,13.0,0.0,0.0,60.0
55.0,32365.0,13.0,0.0,0.0,45.0
41.0,323790.0,9.0,0.0,0.0,55.0
65.0,190454.0,7.0,0.0,0.0,29.0
47.0,123219.0,14.0,0.0,0.0,38.0
36.0,290409.0,10.0,0.0,0.0,40.0
20.0,244689.0,10.0,0.0,0.0,25.0
58.0,225394.0,9.0,0.0,1902.0,40.0
35.0,320084.0,13.0,0.0,0.0,55.0
54.0,287831.0,10.0,0.0,0.0,55.0
51.0,71046.0,10.0,0.0,0.0,45.0
36.0,91275.0,10.0,0.0,0.0,40.0
28.0,212068.0,13.0,0.0,1980.0,40.0
57.0,211678.0,6.0,0.0,0.0,64.0
31.0,103596.0,9.0,0.0,0.0,55.0
54.0,136224.0,14.0,0.0,0.0,30.0
38.0,154641.0,11.0,0.0,0.0,40.0
26.0,109564.0,9.0,0.0,0.0,40.0
48.0,78529.0,14.0,0.0,0.0,60.0
39.0,144688.0,9.0,0.0,0.0,50.0
39.0,30916.0,9.0,0.0,0.0,40.0
44.0,216116.0,9.0,0.0,0.0,40.0
27.0,147340.0,9.0,0.0,0.0,50.0
37.0,258289.0,9.0,0.0,0.0,40.0
23.0,181820.0,10.0,0.0,0.0,20.0
61.0,180418.0,9.0,0.0,0.0,40.0
45.0,187715.0,9.0,0.0,0.0,40.0
28.0,156300.0,14.0,0.0,0.0,45.0
45.0,175600.0,14.0,0.0,0.0,60.0
33.0,83671.0,13.0,0.0,0.0,50.0
62.0,263374.0,11.0,0.0,0.0,40.0
41.0,110562.0,13.0,0.0,0.0,40.0
58.0,200040.0,9.0,0.0,0.0,40.0
22.0,228394.0,10.0,0.0,0.0,36.0
57.0,167864.0,11.0,0.0,0.0,40.0
61.0,149620.0,10.0,0.0,0.0,40.0
23.0,219519.0,10.0,0.0,0.0,30.0
28.0,266070.0,10.0,0.0,0.0,40.0
39.0,195253.0,9.0,0.0,0.0,40.0
23.0,273049.0,4.0,0.0,0.0,20.0
33.0,152933.0,10.0,0.0,0.0,45.0
37.0,178100.0,14.0,0.0,0.0,40.0
37.0,75073.0,12.0,0.0,0.0,42.0
29.0,115438.0,9.0,0.0,0.0,35.0
19.0,168693.0,9.0,0.0,0.0,25.0
18.0,133654.0,9.0,0.0,0.0,40.0
44.0,153489.0,9.0,0.0,0.0,40.0
32.0,44675.0,16.0,0.0,0.0,65.0
53.0,197054.0,14.0,0.0,0.0,40.0
21.0,234838.0,10.0,0.0,0.0,30.0
31.0,103651.0,13.0,0.0,0.0,45.0
18.0,159032.0,4.0,0.0,0.0,40.0
31.0,341672.0,13.0,0.0,0.0,60.0
42.0,245307.0,13.0,0.0,1977.0,48.0
17.0,99568.0,6.0,0.0,0.0,10.0
35.0,407913.0,9.0,0.0,0.0,40.0
21.0,152328.0,10.0,0.0,0.0,20.0
23.0,302312.0,9.0,0.0,0.0,40.0
44.0,203761.0,10.0,0.0,0.0,45.0
25.0,198870.0,13.0,0.0,0.0,35.0
23.0,138892.0,9.0,0.0,0.0,40.0
30.0,123397.0,9.0,0.0,0.0,40.0
25.0,194342.0,9.0,0.0,0.0,40.0
29.0,250679.0,9.0,0.0,0.0,40.0
23.0,204641.0,6.0,0.0,0.0,50.0
50.0,95577.0,9.0,0.0,0.0,12.0
27.0,341672.0,10.0,0.0,0.0,40.0
37.0,186191.0,9.0,0.0,0.0,45.0
39.0,78171.0,10.0,0.0,0.0,40.0
74.0,209454.0,3.0,0.0,0.0,40.0
41.0,187802.0,10.0,0.0,0.0,50.0
34.0,154548.0,10.0,0.0,0.0,38.0
38.0,91857.0,9.0,0.0,0.0,44.0
64.0,136405.0,9.0,0.0,0.0,32.0
20.0,262749.0,10.0,0.0,0.0,35.0
57.0,283635.0,10.0,0.0,0.0,40.0
31.0,93106.0,11.0,0.0,0.0,40.0
64.0,182979.0,9.0,0.0,0.0,40.0
29.0,59231.0,10.0,0.0,0.0,42.0
47.0,20946.0,13.0,0.0,0.0,40.0
75.0,248833.0,9.0,2653.0,0.0,14.0
57.0,169071.0,9.0,0.0,0.0,28.0
27.0,332249.0,9.0,0.0,0.0,40.0
25.0,186294.0,9.0,0.0,0.0,50.0
27.0,263552.0,9.0,0.0,0.0,50.0
28.0,236418.0,10.0,0.0,0.0,40.0
26.0,177035.0,7.0,0.0,0.0,40.0
35.0,38948.0,10.0,0.0,0.0,50.0
50.0,260052.0,13.0,15020.0,0.0,40.0
34.0,159442.0,9.0,0.0,0.0,37.0
50.0,164127.0,9.0,0.0,0.0,40.0
21.0,366929.0,9.0,0.0,0.0,38.0
36.0,114605.0,11.0,0.0,0.0,40.0
35.0,77146.0,11.0,0.0,0.0,45.0
31.0,152109.0,11.0,0.0,0.0,40.0
19.0,174732.0,10.0,0.0,0.0,25.0
29.0,351871.0,13.0,0.0,0.0,50.0
24.0,420779.0,9.0,0.0,0.0,35.0
80.0,91901.0,9.0,0.0,0.0,25.0
23.0,173851.0,9.0,0.0,0.0,8.0
19.0,168294.0,9.0,0.0,0.0,40.0
28.0,435842.0,13.0,0.0,0.0,40.0
19.0,118535.0,8.0,0.0,0.0,18.0
47.0,121124.0,9.0,0.0,0.0,40.0
36.0,558344.0,9.0,0.0,0.0,48.0
32.0,73498.0,4.0,0.0,0.0,40.0
30.0,165503.0,13.0,0.0,0.0,65.0
53.0,303462.0,9.0,0.0,0.0,30.0
38.0,328301.0,10.0,0.0,0.0,40.0
25.0,207965.0,13.0,0.0,0.0,60.0
49.0,222829.0,14.0,0.0,0.0,42.0
34.0,182006.0,7.0,4416.0,0.0,30.0
41.0,202872.0,6.0,0.0,0.0,40.0
24.0,290625.0,10.0,0.0,0.0,41.0
47.0,87504.0,13.0,0.0,0.0,50.0
23.0,302836.0,12.0,0.0,0.0,40.0
51.0,146181.0,5.0,0.0,0.0,40.0
44.0,92649.0,9.0,0.0,0.0,40.0
68.0,103161.0,9.0,0.0,0.0,32.0
38.0,187046.0,7.0,0.0,0.0,45.0
21.0,303187.0,10.0,0.0,0.0,40.0
43.0,212490.0,11.0,0.0,0.0,40.0
24.0,127753.0,8.0,0.0,0.0,40.0
26.0,206721.0,13.0,0.0,0.0,50.0
33.0,83231.0,9.0,0.0,0.0,40.0
23.0,82497.0,10.0,0.0,0.0,28.0
20.0,96862.0,10.0,0.0,0.0,8.0
50.0,183915.0,13.0,0.0,0.0,45.0
39.0,49020.0,14.0,0.0,1974.0,40.0
54.0,82551.0,11.0,0.0,0.0,10.0
57.0,154368.0,13.0,0.0,0.0,50.0
53.0,194259.0,10.0,4386.0,0.0,40.0
43.0,341358.0,11.0,0.0,0.0,40.0
66.0,151793.0,4.0,0.0,0.0,10.0
54.0,137678.0,9.0,0.0,0.0,30.0
24.0,163665.0,9.0,2174.0,0.0,40.0
19.0,169853.0,9.0,0.0,0.0,24.0
42.0,69019.0,10.0,0.0,0.0,40.0
32.0,119033.0,9.0,0.0,0.0,40.0
44.0,136986.0,10.0,0.0,0.0,40.0
34.0,187203.0,12.0,0.0,0.0,50.0
52.0,72036.0,11.0,0.0,0.0,25.0
30.0,35644.0,9.0,0.0,0.0,10.0
40.0,377018.0,13.0,0.0,0.0,60.0
59.0,169639.0,12.0,0.0,0.0,40.0
24.0,190483.0,9.0,0.0,0.0,40.0
28.0,70240.0,14.0,0.0,0.0,36.0
68.0,339168.0,13.0,0.0,0.0,30.0
56.0,32316.0,8.0,0.0,0.0,40.0
40.0,261497.0,9.0,0.0,0.0,35.0
32.0,287229.0,9.0,0.0,0.0,35.0
38.0,278557.0,13.0,0.0,0.0,50.0
69.0,177374.0,9.0,1848.0,0.0,12.0
28.0,162312.0,10.0,0.0,0.0,40.0
29.0,467936.0,10.0,0.0,0.0,40.0
38.0,195686.0,9.0,0.0,0.0,25.0
31.0,168521.0,13.0,0.0,0.0,50.0
24.0,52242.0,9.0,0.0,0.0,40.0
52.0,89054.0,9.0,0.0,0.0,40.0
18.0,114008.0,9.0,0.0,0.0,35.0
36.0,36989.0,10.0,0.0,0.0,40.0
36.0,182013.0,10.0,0.0,0.0,40.0
81.0,55314.0,13.0,0.0,0.0,4.0
30.0,189439.0,9.0,0.0,0.0,38.0
34.0,83800.0,10.0,0.0,0.0,30.0
20.0,132053.0,9.0,0.0,1719.0,40.0
33.0,256529.0,9.0,0.0,0.0,80.0
50.0,195844.0,12.0,0.0,0.0,50.0
20.0,190423.0,10.0,0.0,0.0,20.0
32.0,205072.0,9.0,0.0,0.0,48.0
26.0,476558.0,4.0,0.0,0.0,40.0
46.0,82572.0,9.0,0.0,0.0,40.0
20.0,42706.0,10.0,0.0,0.0,72.0
27.0,198813.0,9.0,0.0,0.0,40.0
45.0,348854.0,10.0,0.0,0.0,27.0
18.0,150817.0,9.0,0.0,0.0,20.0
19.0,150384.0,9.0,0.0,0.0,40.0
21.0,518530.0,10.0,0.0,0.0,40.0
54.0,304570.0,13.0,7688.0,0.0,40.0
19.0,253529.0,8.0,0.0,0.0,9.0
40.0,220563.0,8.0,0.0,0.0,40.0
50.0,35224.0,9.0,0.0,0.0,40.0
28.0,199903.0,13.0,0.0,0.0,20.0
28.0,250679.0,9.0,0.0,0.0,40.0
35.0,146042.0,10.0,0.0,0.0,40.0
49.0,191277.0,10.0,0.0,0.0,40.0
23.0,306601.0,13.0,0.0,0.0,40.0
46.0,187715.0,10.0,0.0,0.0,50.0
67.0,75140.0,9.0,0.0,0.0,25.0
38.0,334366.0,10.0,0.0,0.0,15.0
20.0,406641.0,9.0,0.0,0.0,30.0
42.0,186689.0,9.0,0.0,0.0,60.0
54.0,183611.0,10.0,3137.0,0.0,50.0
21.0,312017.0,10.0,0.0,0.0,40.0
35.0,191103.0,9.0,0.0,0.0,40.0
39.0,98886.0,4.0,4508.0,0.0,40.0
25.0,187653.0,9.0,0.0,0.0,48.0
37.0,118358.0,10.0,0.0,0.0,40.0
31.0,48520.0,9.0,0.0,0.0,30.0
24.0,177526.0,11.0,0.0,0.0,40.0
53.0,149220.0,14.0,0.0,0.0,40.0
58.0,212864.0,9.0,0.0,0.0,40.0
43.0,170721.0,10.0,0.0,0.0,40.0
49.0,106207.0,13.0,0.0,0.0,40.0
54.0,176240.0,14.0,7688.0,0.0,60.0
39.0,531055.0,9.0,0.0,0.0,40.0
22.0,57827.0,10.0,0.0,0.0,40.0
39.0,306504.0,9.0,0.0,0.0,40.0
43.0,147269.0,6.0,0.0,0.0,60.0
31.0,160594.0,12.0,0.0,0.0,3.0
34.0,117018.0,10.0,0.0,0.0,40.0
61.0,230545.0,9.0,0.0,0.0,35.0
28.0,201844.0,9.0,0.0,0.0,40.0
21.0,260254.0,9.0,0.0,0.0,40.0
26.0,136309.0,13.0,0.0,0.0,40.0
35.0,148581.0,9.0,0.0,1740.0,40.0
29.0,193125.0,9.0,0.0,0.0,40.0
44.0,202692.0,14.0,0.0,0.0,40.0
21.0,149637.0,10.0,0.0,0.0,25.0
58.0,148673.0,9.0,0.0,0.0,10.0
23.0,120910.0,9.0,0.0,0.0,35.0
20.0,386643.0,10.0,0.0,0.0,40.0
19.0,219742.0,10.0,0.0,0.0,15.0
29.0,103628.0,10.0,0.0,0.0,40.0
51.0,100029.0,16.0,15024.0,0.0,40.0
35.0,208106.0,9.0,0.0,0.0,40.0
46.0,188273.0,9.0,15024.0,0.0,50.0
20.0,228960.0,10.0,0.0,0.0,40.0
35.0,225330.0,13.0,0.0,0.0,40.0
51.0,22154.0,10.0,0.0,0.0,40.0
56.0,435836.0,14.0,0.0,0.0,40.0
25.0,366796.0,13.0,0.0,0.0,40.0
56.0,179594.0,9.0,0.0,0.0,48.0
45.0,174426.0,14.0,0.0,0.0,43.0
53.0,158352.0,14.0,8614.0,0.0,35.0
36.0,260454.0,9.0,0.0,0.0,30.0
40.0,143069.0,9.0,0.0,0.0,40.0
44.0,167005.0,9.0,0.0,0.0,48.0
20.0,177287.0,9.0,0.0,0.0,38.0
72.0,289930.0,13.0,991.0,0.0,7.0
42.0,70037.0,14.0,0.0,0.0,50.0
44.0,54310.0,14.0,7298.0,0.0,40.0
46.0,45363.0,15.0,0.0,2824.0,40.0
61.0,131117.0,9.0,0.0,0.0,40.0
54.0,33863.0,9.0,0.0,0.0,60.0
24.0,322658.0,13.0,0.0,0.0,40.0
26.0,240842.0,9.0,0.0,0.0,40.0
37.0,146398.0,13.0,0.0,0.0,40.0
60.0,176839.0,15.0,0.0,0.0,45.0
22.0,240063.0,9.0,0.0,0.0,40.0
25.0,200318.0,9.0,0.0,0.0,60.0
40.0,85604.0,14.0,0.0,0.0,55.0
23.0,103064.0,13.0,0.0,0.0,40.0
29.0,663394.0,9.0,0.0,0.0,40.0
55.0,136819.0,13.0,0.0,0.0,40.0
40.0,217826.0,9.0,0.0,0.0,40.0
71.0,172046.0,4.0,0.0,0.0,50.0
31.0,120461.0,13.0,0.0,0.0,40.0
41.0,223934.0,12.0,0.0,0.0,38.0
34.0,554206.0,9.0,0.0,0.0,20.0
40.0,240698.0,9.0,0.0,0.0,60.0
24.0,148709.0,9.0,0.0,0.0,40.0
25.0,31873.0,13.0,0.0,0.0,40.0
30.0,234753.0,11.0,0.0,0.0,34.0
59.0,172618.0,10.0,0.0,0.0,56.0
23.0,201680.0,8.0,0.0,0.0,40.0
38.0,187999.0,13.0,0.0,0.0,45.0
26.0,159897.0,10.0,0.0,0.0,40.0
51.0,46281.0,10.0,0.0,0.0,50.0
19.0,302229.0,9.0,0.0,0.0,10.0
52.0,251841.0,14.0,0.0,0.0,50.0
56.0,190091.0,11.0,0.0,0.0,46.0
29.0,131913.0,10.0,0.0,0.0,40.0
48.0,25468.0,14.0,99999.0,0.0,50.0
19.0,149528.0,10.0,0.0,0.0,12.0
34.0,177437.0,10.0,15024.0,0.0,45.0
35.0,106967.0,14.0,0.0,0.0,40.0
22.0,214731.0,6.0,0.0,0.0,40.0
43.0,139277.0,9.0,0.0,0.0,40.0
38.0,166585.0,13.0,0.0,0.0,55.0
52.0,61735.0,7.0,0.0,0.0,40.0
49.0,105431.0,9.0,0.0,0.0,40.0
27.0,105189.0,9.0,0.0,0.0,40.0
72.0,53684.0,10.0,0.0,0.0,40.0
18.0,216540.0,7.0,0.0,0.0,40.0
25.0,457070.0,4.0,0.0,0.0,45.0
55.0,98361.0,13.0,15024.0,0.0,55.0
49.0,237920.0,16.0,0.0,0.0,60.0
51.0,120914.0,6.0,0.0,0.0,40.0
40.0,180123.0,9.0,0.0,0.0,40.0
18.0,236272.0,9.0,0.0,0.0,35.0
37.0,419053.0,9.0,0.0,0.0,40.0
20.0,175431.0,10.0,0.0,0.0,40.0
73.0,228899.0,4.0,0.0,0.0,99.0
18.0,36251.0,6.0,0.0,0.0,15.0
27.0,318639.0,6.0,0.0,0.0,60.0
26.0,264012.0,13.0,0.0,0.0,40.0
64.0,477697.0,9.0,0.0,0.0,16.0
34.0,121640.0,10.0,0.0,0.0,44.0
60.0,108969.0,6.0,0.0,0.0,50.0
34.0,113211.0,12.0,0.0,0.0,45.0
18.0,183315.0,7.0,0.0,0.0,10.0
31.0,307375.0,10.0,0.0,0.0,40.0
37.0,356231.0,6.0,0.0,2129.0,65.0
33.0,248584.0,10.0,0.0,0.0,50.0
51.0,22743.0,9.0,0.0,0.0,50.0
45.0,102771.0,9.0,0.0,0.0,40.0
27.0,177398.0,9.0,0.0,0.0,64.0
37.0,108540.0,9.0,0.0,0.0,40.0
21.0,363192.0,11.0,0.0,0.0,40.0
31.0,100135.0,14.0,0.0,0.0,40.0
46.0,32825.0,9.0,0.0,0.0,60.0
30.0,156015.0,10.0,0.0,0.0,45.0
34.0,353270.0,11.0,0.0,0.0,40.0
55.0,28338.0,11.0,0.0,0.0,40.0
23.0,69911.0,1.0,0.0,0.0,15.0
27.0,167336.0,10.0,0.0,0.0,39.0
28.0,186672.0,9.0,0.0,0.0,40.0
31.0,442429.0,9.0,0.0,0.0,40.0
61.0,195595.0,4.0,0.0,0.0,40.0
60.0,141221.0,13.0,0.0,2163.0,25.0
21.0,132320.0,7.0,0.0,0.0,35.0
54.0,185407.0,9.0,7688.0,0.0,40.0
30.0,119197.0,14.0,0.0,0.0,50.0
23.0,200677.0,6.0,0.0,0.0,40.0
41.0,88368.0,9.0,0.0,0.0,50.0
32.0,464621.0,10.0,0.0,0.0,40.0
40.0,34722.0,10.0,0.0,0.0,48.0
45.0,255014.0,10.0,0.0,0.0,55.0
54.0,141272.0,9.0,0.0,0.0,40.0
33.0,196898.0,13.0,0.0,0.0,40.0
36.0,206521.0,9.0,0.0,0.0,40.0
52.0,23780.0,11.0,0.0,1977.0,45.0
47.0,96854.0,13.0,0.0,0.0,40.0
30.0,205152.0,13.0,0.0,0.0,40.0
36.0,176634.0,13.0,0.0,0.0,35.0
32.0,204742.0,13.0,0.0,0.0,40.0
40.0,189941.0,13.0,3103.0,0.0,60.0
57.0,562558.0,9.0,0.0,0.0,40.0
33.0,44392.0,9.0,0.0,0.0,20.0
40.0,254478.0,10.0,7298.0,0.0,50.0
36.0,34378.0,11.0,3908.0,0.0,75.0
51.0,157327.0,3.0,0.0,0.0,8.0
37.0,305379.0,13.0,0.0,0.0,50.0
28.0,75695.0,10.0,0.0,0.0,60.0
56.0,367984.0,11.0,15024.0,0.0,40.0
44.0,314739.0,10.0,0.0,0.0,40.0
37.0,343721.0,13.0,0.0,0.0,40.0
33.0,170651.0,9.0,1055.0,0.0,40.0
34.0,183557.0,9.0,0.0,0.0,20.0
38.0,227945.0,14.0,99999.0,0.0,65.0
21.0,318987.0,11.0,0.0,0.0,40.0
39.0,224541.0,5.0,4386.0,0.0,55.0
41.0,149909.0,9.0,0.0,1848.0,40.0
29.0,78261.0,9.0,0.0,0.0,40.0
41.0,94210.0,9.0,0.0,0.0,48.0
42.0,118652.0,12.0,0.0,0.0,40.0
44.0,33895.0,9.0,0.0,0.0,40.0
47.0,200808.0,8.0,0.0,0.0,35.0
52.0,91506.0,9.0,0.0,0.0,45.0
25.0,160261.0,13.0,0.0,0.0,35.0
42.0,40151.0,11.0,0.0,0.0,30.0
57.0,250873.0,9.0,0.0,0.0,40.0
43.0,260960.0,13.0,0.0,0.0,50.0
25.0,109009.0,7.0,0.0,0.0,40.0
72.0,195181.0,9.0,0.0,0.0,32.0
55.0,300670.0,13.0,0.0,0.0,40.0
49.0,107682.0,10.0,0.0,0.0,38.0
41.0,63042.0,9.0,0.0,0.0,20.0
18.0,116167.0,9.0,0.0,0.0,16.0
45.0,166181.0,9.0,0.0,0.0,25.0
39.0,67433.0,9.0,0.0,0.0,40.0
52.0,84788.0,6.0,0.0,0.0,40.0
23.0,163053.0,6.0,0.0,0.0,20.0
52.0,311569.0,14.0,0.0,0.0,50.0
24.0,193416.0,12.0,0.0,0.0,3.0
71.0,77253.0,9.0,0.0,0.0,17.0
33.0,389932.0,9.0,0.0,0.0,55.0
28.0,209109.0,13.0,0.0,0.0,40.0
31.0,345122.0,15.0,14084.0,0.0,50.0
24.0,44075.0,13.0,0.0,0.0,40.0
30.0,427541.0,9.0,99999.0,0.0,40.0
54.0,105428.0,9.0,0.0,0.0,40.0
21.0,177940.0,9.0,0.0,0.0,40.0
22.0,349368.0,13.0,0.0,0.0,30.0
66.0,177351.0,13.0,0.0,2174.0,40.0
20.0,41721.0,10.0,0.0,0.0,40.0
52.0,177487.0,9.0,0.0,0.0,40.0
44.0,172479.0,9.0,15024.0,0.0,60.0
44.0,468706.0,9.0,0.0,0.0,40.0
43.0,196308.0,9.0,0.0,0.0,40.0
43.0,176452.0,5.0,0.0,0.0,50.0
23.0,265356.0,13.0,0.0,0.0,40.0
37.0,255621.0,9.0,0.0,0.0,50.0
48.0,139290.0,6.0,0.0,0.0,48.0
45.0,232586.0,10.0,0.0,0.0,50.0
27.0,106276.0,9.0,0.0,0.0,40.0
38.0,184456.0,9.0,0.0,0.0,55.0
54.0,113649.0,10.0,0.0,0.0,40.0
55.0,171015.0,9.0,0.0,0.0,40.0
72.0,107814.0,14.0,2329.0,0.0,60.0
47.0,185041.0,10.0,7298.0,0.0,40.0
50.0,102346.0,13.0,0.0,2415.0,20.0
41.0,34278.0,11.0,0.0,0.0,40.0
37.0,162494.0,13.0,0.0,0.0,40.0
21.0,193219.0,9.0,0.0,0.0,35.0
58.0,104613.0,12.0,0.0,0.0,50.0
19.0,188618.0,9.0,0.0,0.0,24.0
36.0,32334.0,11.0,0.0,0.0,50.0
53.0,221791.0,9.0,0.0,0.0,40.0
61.0,80896.0,14.0,0.0,0.0,45.0
45.0,285575.0,9.0,0.0,0.0,40.0
47.0,319205.0,10.0,0.0,0.0,40.0
42.0,121264.0,11.0,0.0,0.0,40.0
39.0,108140.0,11.0,0.0,0.0,40.0
37.0,33975.0,13.0,0.0,0.0,50.0
29.0,221366.0,13.0,5013.0,0.0,40.0
29.0,39388.0,9.0,0.0,0.0,40.0
37.0,138441.0,9.0,0.0,0.0,40.0
54.0,320012.0,10.0,0.0,0.0,40.0
40.0,382499.0,9.0,0.0,0.0,50.0
18.0,228216.0,9.0,0.0,0.0,20.0
81.0,364099.0,10.0,0.0,0.0,20.0
39.0,141584.0,10.0,0.0,0.0,50.0
29.0,301582.0,10.0,0.0,0.0,40.0
33.0,245211.0,13.0,0.0,0.0,40.0
63.0,194638.0,9.0,0.0,0.0,32.0
39.0,267581.0,9.0,0.0,0.0,40.0
56.0,255386.0,10.0,0.0,0.0,40.0
25.0,169323.0,13.0,0.0,0.0,40.0
18.0,201613.0,8.0,0.0,0.0,20.0
30.0,149427.0,5.0,0.0,0.0,45.0
45.0,180010.0,9.0,0.0,0.0,40.0
35.0,313132.0,15.0,0.0,0.0,40.0
32.0,34572.0,9.0,0.0,0.0,65.0
21.0,174907.0,9.0,0.0,0.0,40.0
27.0,130807.0,12.0,0.0,0.0,40.0
18.0,91525.0,9.0,0.0,0.0,25.0
57.0,61474.0,10.0,7688.0,0.0,45.0
65.0,266081.0,9.0,0.0,0.0,40.0
55.0,202435.0,13.0,0.0,0.0,40.0
25.0,358975.0,9.0,0.0,0.0,35.0
41.0,160120.0,16.0,0.0,0.0,40.0
37.0,151322.0,13.0,0.0,0.0,40.0
31.0,182177.0,9.0,0.0,1902.0,40.0
34.0,93169.0,10.0,0.0,0.0,40.0
45.0,140644.0,9.0,0.0,0.0,50.0
33.0,122672.0,9.0,0.0,0.0,50.0
32.0,193042.0,15.0,15024.0,0.0,60.0
33.0,155475.0,9.0,0.0,0.0,40.0
36.0,172706.0,9.0,0.0,0.0,40.0
18.0,170094.0,9.0,0.0,0.0,20.0
59.0,200316.0,9.0,0.0,0.0,40.0
27.0,113870.0,14.0,0.0,0.0,40.0
47.0,140664.0,13.0,0.0,0.0,45.0
22.0,177107.0,11.0,0.0,0.0,35.0
32.0,213750.0,11.0,0.0,0.0,45.0
30.0,87469.0,9.0,0.0,0.0,40.0
24.0,227070.0,6.0,0.0,0.0,40.0
40.0,102576.0,14.0,0.0,0.0,55.0
41.0,168730.0,10.0,0.0,0.0,50.0
53.0,290640.0,9.0,0.0,0.0,50.0
37.0,69251.0,10.0,0.0,0.0,40.0
28.0,292536.0,10.0,0.0,0.0,50.0
56.0,82050.0,7.0,7298.0,0.0,40.0
19.0,25429.0,10.0,0.0,0.0,25.0
27.0,180553.0,9.0,0.0,0.0,40.0
64.0,144182.0,9.0,0.0,0.0,23.0
26.0,53833.0,9.0,0.0,0.0,40.0
46.0,187370.0,13.0,0.0,1504.0,40.0
62.0,211408.0,11.0,0.0,0.0,40.0
45.0,178341.0,14.0,0.0,0.0,50.0
61.0,111563.0,13.0,0.0,0.0,20.0
45.0,310260.0,13.0,0.0,0.0,50.0
46.0,274689.0,12.0,0.0,0.0,40.0
64.0,285610.0,7.0,0.0,0.0,40.0
57.0,153918.0,9.0,0.0,0.0,40.0
62.0,159474.0,9.0,0.0,0.0,50.0
23.0,138768.0,13.0,2907.0,0.0,40.0
19.0,291181.0,5.0,0.0,0.0,50.0
36.0,209993.0,3.0,0.0,0.0,40.0
37.0,110013.0,11.0,0.0,0.0,40.0
34.0,69727.0,2.0,0.0,0.0,40.0
41.0,27305.0,9.0,7688.0,0.0,40.0
34.0,321709.0,9.0,0.0,0.0,28.0
55.0,109015.0,10.0,0.0,0.0,38.0
43.0,421837.0,10.0,7298.0,0.0,50.0
54.0,139850.0,14.0,0.0,0.0,45.0
32.0,222205.0,10.0,0.0,0.0,40.0
20.0,177287.0,9.0,0.0,0.0,30.0
51.0,205884.0,10.0,0.0,0.0,40.0
31.0,244665.0,10.0,0.0,0.0,45.0
39.0,91367.0,14.0,0.0,1848.0,45.0
52.0,173987.0,9.0,0.0,0.0,40.0
65.0,204042.0,9.0,0.0,0.0,20.0
33.0,104509.0,13.0,0.0,0.0,40.0
36.0,266347.0,9.0,0.0,0.0,43.0
58.0,206814.0,13.0,7688.0,0.0,50.0
22.0,237386.0,11.0,0.0,0.0,50.0
55.0,193374.0,9.0,0.0,0.0,40.0
25.0,237865.0,10.0,0.0,0.0,42.0
63.0,143098.0,9.0,4064.0,0.0,40.0
31.0,221167.0,15.0,0.0,0.0,35.0
32.0,394708.0,9.0,0.0,0.0,40.0
18.0,78181.0,9.0,0.0,0.0,20.0
63.0,68954.0,9.0,0.0,0.0,11.0
61.0,347089.0,9.0,0.0,0.0,16.0
25.0,167031.0,6.0,0.0,0.0,40.0
32.0,481096.0,3.0,0.0,0.0,10.0
41.0,66118.0,13.0,0.0,0.0,40.0
58.0,170108.0,14.0,0.0,0.0,40.0
38.0,166062.0,9.0,0.0,0.0,50.0
65.0,200764.0,9.0,0.0,0.0,16.0
33.0,203784.0,11.0,0.0,0.0,62.0
43.0,212888.0,13.0,0.0,0.0,38.0
24.0,103064.0,13.0,0.0,0.0,40.0
21.0,25505.0,11.0,0.0,0.0,35.0
23.0,117789.0,13.0,0.0,0.0,40.0
31.0,381153.0,6.0,0.0,0.0,40.0
23.0,39603.0,10.0,0.0,0.0,40.0
27.0,122540.0,10.0,0.0,0.0,40.0
70.0,221603.0,10.0,0.0,0.0,34.0
42.0,373469.0,9.0,0.0,0.0,40.0
25.0,93223.0,10.0,0.0,0.0,35.0
18.0,193741.0,7.0,0.0,0.0,30.0
27.0,200928.0,10.0,0.0,0.0,22.0
28.0,144063.0,9.0,0.0,0.0,40.0
22.0,125010.0,13.0,0.0,0.0,20.0
25.0,195000.0,10.0,0.0,0.0,40.0
56.0,391926.0,9.0,0.0,0.0,40.0
40.0,140915.0,13.0,0.0,0.0,40.0
45.0,122206.0,12.0,0.0,0.0,50.0
22.0,218215.0,10.0,0.0,0.0,35.0
43.0,190885.0,4.0,0.0,0.0,38.0
31.0,149507.0,8.0,0.0,0.0,43.0
35.0,160120.0,13.0,0.0,0.0,40.0
60.0,202226.0,10.0,0.0,0.0,44.0
44.0,22933.0,9.0,0.0,0.0,40.0
51.0,183173.0,9.0,0.0,0.0,70.0
52.0,106176.0,13.0,0.0,3770.0,40.0
69.0,168139.0,9.0,0.0,0.0,40.0
42.0,210857.0,13.0,7688.0,0.0,50.0
49.0,39140.0,9.0,0.0,0.0,60.0
79.0,84616.0,7.0,0.0,0.0,7.0
54.0,27484.0,9.0,0.0,0.0,40.0
37.0,149347.0,10.0,0.0,0.0,40.0
27.0,311446.0,10.0,0.0,0.0,60.0
40.0,316820.0,4.0,4064.0,0.0,40.0
46.0,171926.0,14.0,7430.0,0.0,50.0
57.0,24384.0,4.0,0.0,0.0,10.0
46.0,233974.0,9.0,0.0,0.0,35.0
50.0,34067.0,11.0,0.0,0.0,50.0
37.0,324947.0,13.0,0.0,0.0,40.0
39.0,46395.0,13.0,0.0,0.0,40.0
54.0,147863.0,11.0,5013.0,0.0,40.0
39.0,129573.0,13.0,0.0,1741.0,40.0
54.0,220115.0,10.0,0.0,0.0,30.0
18.0,240747.0,9.0,0.0,0.0,40.0
47.0,154940.0,14.0,0.0,0.0,45.0
45.0,105779.0,9.0,0.0,0.0,30.0
64.0,192596.0,9.0,0.0,0.0,30.0
19.0,267796.0,10.0,0.0,0.0,30.0
19.0,264876.0,9.0,0.0,0.0,40.0
38.0,322092.0,9.0,0.0,0.0,40.0
23.0,239663.0,10.0,2597.0,0.0,50.0
22.0,326334.0,10.0,0.0,0.0,35.0
50.0,178946.0,14.0,0.0,0.0,50.0
34.0,400943.0,13.0,0.0,0.0,44.0
30.0,278522.0,7.0,0.0,0.0,40.0
19.0,238144.0,10.0,0.0,0.0,20.0
21.0,236696.0,10.0,0.0,0.0,57.0
38.0,94559.0,13.0,7688.0,0.0,50.0
63.0,137192.0,13.0,0.0,0.0,40.0
29.0,283227.0,13.0,0.0,0.0,40.0
59.0,258579.0,10.0,3103.0,0.0,35.0
32.0,269182.0,10.0,3887.0,0.0,40.0
26.0,40032.0,13.0,0.0,0.0,40.0
43.0,355728.0,9.0,0.0,0.0,40.0
54.0,118365.0,6.0,0.0,0.0,10.0
28.0,119793.0,10.0,0.0,0.0,40.0
27.0,208406.0,13.0,0.0,0.0,30.0
17.0,256496.0,6.0,0.0,0.0,35.0
60.0,160625.0,9.0,5013.0,0.0,40.0
28.0,266070.0,15.0,0.0,0.0,50.0
39.0,119421.0,13.0,0.0,0.0,42.0
26.0,291968.0,13.0,0.0,0.0,40.0
38.0,186191.0,9.0,0.0,0.0,60.0
25.0,192273.0,13.0,0.0,0.0,40.0
33.0,206609.0,9.0,0.0,1876.0,50.0
35.0,109351.0,13.0,8614.0,0.0,45.0
42.0,24982.0,10.0,7688.0,0.0,40.0
64.0,285052.0,10.0,0.0,0.0,10.0
60.0,39263.0,14.0,3325.0,0.0,35.0
28.0,33798.0,11.0,0.0,0.0,40.0
55.0,30636.0,9.0,4386.0,0.0,40.0
36.0,102729.0,10.0,0.0,0.0,40.0
25.0,61956.0,10.0,0.0,0.0,50.0
60.0,376133.0,9.0,15024.0,0.0,15.0
29.0,203833.0,13.0,0.0,0.0,40.0
53.0,22154.0,10.0,0.0,0.0,40.0
25.0,219897.0,14.0,0.0,0.0,35.0
26.0,339324.0,9.0,0.0,0.0,96.0
51.0,53197.0,10.0,0.0,0.0,40.0
64.0,352712.0,11.0,0.0,0.0,55.0
36.0,188798.0,7.0,0.0,0.0,30.0
34.0,144798.0,10.0,0.0,0.0,40.0
19.0,425447.0,9.0,0.0,0.0,40.0
30.0,194141.0,10.0,0.0,1617.0,40.0
33.0,209768.0,13.0,0.0,0.0,40.0
23.0,199011.0,7.0,0.0,0.0,3.0
22.0,264710.0,13.0,0.0,0.0,40.0
35.0,60227.0,9.0,0.0,0.0,40.0
32.0,63910.0,9.0,0.0,0.0,40.0
62.0,26966.0,10.0,0.0,0.0,40.0
26.0,167848.0,9.0,0.0,0.0,40.0
47.0,213140.0,11.0,7688.0,0.0,40.0
35.0,109133.0,9.0,0.0,0.0,40.0
29.0,132686.0,15.0,0.0,0.0,50.0
70.0,174032.0,9.0,0.0,0.0,40.0
18.0,120691.0,10.0,0.0,0.0,35.0
28.0,334032.0,11.0,0.0,0.0,50.0
21.0,96483.0,10.0,0.0,0.0,12.0
25.0,112835.0,14.0,0.0,0.0,40.0
46.0,225456.0,9.0,0.0,0.0,40.0
36.0,279615.0,13.0,0.0,0.0,40.0
33.0,185177.0,9.0,0.0,0.0,40.0
42.0,304605.0,10.0,0.0,0.0,40.0
49.0,192349.0,14.0,4650.0,0.0,40.0
51.0,189183.0,13.0,0.0,0.0,40.0
31.0,178841.0,9.0,0.0,0.0,40.0
45.0,173664.0,13.0,0.0,0.0,45.0
21.0,181761.0,10.0,0.0,0.0,10.0
27.0,388998.0,13.0,13550.0,0.0,46.0
41.0,195897.0,14.0,0.0,0.0,60.0
34.0,581025.0,5.0,0.0,0.0,38.0
25.0,216583.0,13.0,0.0,0.0,43.0
23.0,349156.0,9.0,0.0,0.0,45.0
43.0,75993.0,9.0,0.0,0.0,35.0
36.0,262688.0,10.0,7688.0,0.0,50.0
42.0,178074.0,9.0,0.0,0.0,40.0
58.0,318537.0,8.0,0.0,0.0,40.0
45.0,251786.0,9.0,0.0,0.0,37.0
61.0,244261.0,9.0,0.0,0.0,40.0
18.0,97318.0,9.0,0.0,0.0,35.0
26.0,125680.0,13.0,0.0,0.0,16.0
58.0,322691.0,13.0,0.0,0.0,40.0
38.0,107303.0,9.0,0.0,0.0,40.0
34.0,271933.0,13.0,0.0,1741.0,45.0
53.0,172962.0,15.0,0.0,0.0,40.0
37.0,265038.0,10.0,0.0,0.0,50.0
53.0,110747.0,9.0,0.0,0.0,40.0
44.0,192771.0,9.0,0.0,0.0,40.0
32.0,209691.0,13.0,0.0,0.0,42.0
24.0,114292.0,5.0,0.0,0.0,40.0
23.0,183789.0,9.0,0.0,0.0,40.0
23.0,107190.0,10.0,0.0,0.0,20.0
34.0,362775.0,6.0,0.0,0.0,30.0
51.0,263439.0,13.0,0.0,0.0,40.0
44.0,143104.0,10.0,0.0,0.0,38.0
23.0,65225.0,10.0,0.0,0.0,15.0
41.0,240124.0,10.0,0.0,0.0,50.0
43.0,216116.0,14.0,0.0,0.0,37.0
50.0,304955.0,13.0,0.0,0.0,60.0
53.0,225768.0,11.0,0.0,0.0,40.0
51.0,56915.0,9.0,0.0,0.0,40.0
48.0,328610.0,14.0,0.0,0.0,50.0
43.0,248094.0,9.0,0.0,0.0,44.0
20.0,194247.0,9.0,0.0,0.0,25.0
43.0,183273.0,14.0,15024.0,0.0,32.0
17.0,139183.0,6.0,0.0,0.0,15.0
46.0,142210.0,9.0,0.0,0.0,25.0
19.0,243373.0,8.0,1055.0,0.0,40.0
43.0,151089.0,10.0,0.0,0.0,50.0
29.0,337953.0,11.0,2885.0,0.0,40.0
23.0,163665.0,10.0,0.0,0.0,15.0
40.0,183096.0,13.0,0.0,0.0,35.0
32.0,178107.0,9.0,0.0,0.0,40.0
23.0,148751.0,10.0,0.0,0.0,35.0
32.0,24529.0,10.0,0.0,0.0,50.0
32.0,317660.0,9.0,7688.0,0.0,40.0
24.0,361278.0,10.0,0.0,0.0,40.0
64.0,341695.0,10.0,0.0,0.0,40.0
47.0,182752.0,9.0,0.0,0.0,35.0
56.0,403072.0,10.0,0.0,0.0,50.0
48.0,407495.0,12.0,0.0,0.0,56.0
47.0,194772.0,11.0,0.0,0.0,40.0
36.0,172129.0,5.0,0.0,0.0,40.0
20.0,368832.0,10.0,0.0,0.0,25.0
46.0,360593.0,14.0,4650.0,0.0,44.0
67.0,40021.0,16.0,0.0,0.0,40.0
50.0,306790.0,10.0,0.0,0.0,40.0
46.0,110646.0,12.0,0.0,0.0,56.0
33.0,213002.0,13.0,0.0,1408.0,36.0
35.0,308945.0,9.0,0.0,0.0,40.0
35.0,147258.0,11.0,0.0,0.0,65.0
72.0,225780.0,16.0,0.0,0.0,30.0
37.0,148581.0,9.0,0.0,0.0,50.0
40.0,214781.0,10.0,7298.0,0.0,65.0
32.0,400132.0,13.0,0.0,0.0,40.0
44.0,193494.0,10.0,0.0,0.0,72.0
41.0,228847.0,10.0,0.0,0.0,40.0
31.0,196227.0,9.0,0.0,0.0,40.0
33.0,120420.0,7.0,0.0,0.0,40.0
34.0,405713.0,10.0,0.0,0.0,40.0
36.0,294760.0,11.0,0.0,0.0,50.0
60.0,127805.0,4.0,0.0,0.0,40.0
27.0,137063.0,13.0,0.0,0.0,50.0
20.0,238917.0,7.0,0.0,0.0,32.0
23.0,194247.0,10.0,0.0,0.0,40.0
44.0,118212.0,6.0,0.0,0.0,40.0
27.0,301302.0,16.0,0.0,0.0,20.0
39.0,505119.0,14.0,0.0,0.0,40.0
31.0,178449.0,15.0,0.0,0.0,40.0
24.0,190293.0,13.0,0.0,0.0,40.0
30.0,223212.0,13.0,0.0,0.0,40.0
46.0,182689.0,10.0,3103.0,0.0,35.0
42.0,49255.0,14.0,4386.0,0.0,40.0
28.0,230743.0,12.0,0.0,0.0,40.0
58.0,31732.0,13.0,0.0,0.0,50.0
38.0,85399.0,9.0,0.0,0.0,40.0
46.0,187581.0,9.0,0.0,0.0,40.0
21.0,249727.0,9.0,0.0,0.0,22.0
33.0,340332.0,13.0,0.0,0.0,45.0
26.0,245628.0,7.0,0.0,0.0,20.0
34.0,89644.0,10.0,0.0,0.0,55.0
52.0,349502.0,10.0,0.0,0.0,45.0
43.0,323627.0,10.0,0.0,0.0,12.0
57.0,112840.0,14.0,0.0,0.0,55.0
36.0,136629.0,10.0,0.0,0.0,40.0
41.0,190591.0,9.0,0.0,0.0,20.0
56.0,115422.0,9.0,0.0,0.0,35.0
28.0,33662.0,14.0,7298.0,0.0,40.0
56.0,132930.0,14.0,0.0,0.0,50.0
32.0,116539.0,10.0,0.0,0.0,40.0
36.0,295706.0,9.0,3674.0,0.0,42.0
30.0,295010.0,10.0,0.0,0.0,40.0
31.0,114937.0,13.0,0.0,0.0,35.0
37.0,241998.0,13.0,0.0,0.0,50.0
32.0,410615.0,9.0,0.0,1887.0,60.0
59.0,424468.0,13.0,0.0,0.0,40.0
37.0,109133.0,12.0,0.0,1977.0,45.0
33.0,100135.0,9.0,0.0,1740.0,25.0
41.0,34037.0,9.0,0.0,0.0,40.0
62.0,185503.0,13.0,0.0,0.0,50.0
43.0,129298.0,14.0,0.0,0.0,40.0
38.0,260997.0,10.0,0.0,0.0,40.0
47.0,177858.0,13.0,27828.0,0.0,60.0
20.0,390817.0,3.0,0.0,0.0,25.0
30.0,118551.0,13.0,0.0,0.0,35.0
46.0,37718.0,12.0,0.0,1977.0,50.0
18.0,57957.0,9.0,0.0,0.0,15.0
38.0,169469.0,9.0,0.0,0.0,80.0
25.0,108414.0,9.0,0.0,0.0,40.0
42.0,245975.0,9.0,0.0,0.0,40.0
27.0,180262.0,10.0,0.0,0.0,40.0
51.0,263836.0,9.0,0.0,0.0,30.0
50.0,279461.0,10.0,0.0,0.0,40.0
20.0,245611.0,10.0,0.0,0.0,20.0
75.0,95985.0,3.0,0.0,0.0,10.0
31.0,26401.0,14.0,0.0,0.0,25.0
22.0,149342.0,10.0,0.0,0.0,35.0
20.0,38455.0,9.0,0.0,0.0,10.0
52.0,117700.0,9.0,0.0,0.0,40.0
54.0,154949.0,7.0,0.0,0.0,40.0
30.0,110594.0,9.0,0.0,0.0,40.0
31.0,144949.0,9.0,0.0,0.0,40.0
26.0,247025.0,9.0,0.0,0.0,65.0
39.0,251710.0,6.0,0.0,1721.0,15.0
20.0,203240.0,12.0,0.0,0.0,30.0
47.0,469907.0,12.0,0.0,1740.0,40.0
32.0,131379.0,9.0,0.0,0.0,40.0
28.0,107236.0,8.0,0.0,0.0,40.0
33.0,154874.0,10.0,0.0,0.0,40.0
65.0,123965.0,13.0,0.0,0.0,40.0
42.0,183096.0,10.0,0.0,0.0,40.0
36.0,192704.0,8.0,4650.0,0.0,50.0
45.0,210364.0,9.0,15024.0,0.0,80.0
39.0,188069.0,14.0,15024.0,0.0,50.0
27.0,311446.0,9.0,5178.0,0.0,40.0
37.0,24106.0,9.0,0.0,0.0,30.0
59.0,293971.0,10.0,0.0,0.0,40.0
52.0,146767.0,9.0,0.0,0.0,40.0
48.0,355781.0,13.0,0.0,0.0,40.0
58.0,95763.0,10.0,0.0,0.0,60.0
35.0,109204.0,13.0,0.0,0.0,40.0
22.0,412316.0,9.0,0.0,0.0,40.0
66.0,107627.0,9.0,0.0,0.0,60.0
65.0,103824.0,14.0,0.0,0.0,40.0
33.0,188352.0,14.0,0.0,0.0,50.0
29.0,194640.0,9.0,0.0,0.0,40.0
51.0,55507.0,9.0,0.0,0.0,40.0
50.0,172175.0,15.0,0.0,0.0,40.0
44.0,139338.0,8.0,0.0,0.0,40.0
54.0,99434.0,9.0,0.0,0.0,40.0
51.0,74275.0,9.0,0.0,0.0,40.0
27.0,213921.0,9.0,0.0,0.0,40.0
56.0,235136.0,4.0,0.0,0.0,40.0
32.0,364657.0,10.0,0.0,0.0,50.0
30.0,125159.0,13.0,14084.0,0.0,45.0
59.0,99131.0,9.0,0.0,0.0,18.0
40.0,196029.0,9.0,0.0,0.0,45.0
58.0,357788.0,9.0,0.0,0.0,40.0
83.0,153183.0,13.0,0.0,2392.0,55.0
25.0,193701.0,13.0,0.0,0.0,38.0
39.0,154641.0,9.0,0.0,0.0,60.0
52.0,235307.0,13.0,0.0,0.0,40.0
21.0,197387.0,9.0,0.0,0.0,20.0
21.0,204596.0,12.0,0.0,0.0,8.0
22.0,340217.0,10.0,0.0,0.0,20.0
35.0,111635.0,9.0,0.0,0.0,40.0
25.0,264055.0,13.0,0.0,0.0,40.0
34.0,104293.0,13.0,0.0,0.0,40.0
49.0,181717.0,11.0,0.0,0.0,36.0
52.0,155141.0,16.0,0.0,0.0,40.0
34.0,145231.0,9.0,4064.0,0.0,35.0
32.0,123964.0,10.0,4386.0,0.0,50.0
24.0,152540.0,13.0,0.0,0.0,40.0
51.0,93690.0,9.0,0.0,0.0,40.0
35.0,227128.0,9.0,0.0,0.0,40.0
42.0,167678.0,7.0,0.0,0.0,22.0
31.0,213771.0,9.0,0.0,0.0,36.0
68.0,217424.0,9.0,0.0,0.0,24.0
42.0,66755.0,4.0,0.0,0.0,40.0
46.0,53893.0,10.0,0.0,0.0,40.0
46.0,72896.0,12.0,0.0,0.0,45.0
39.0,184659.0,9.0,0.0,0.0,40.0
22.0,193090.0,9.0,0.0,0.0,37.0
40.0,59460.0,10.0,0.0,0.0,38.0
41.0,189941.0,13.0,0.0,0.0,40.0
28.0,330466.0,13.0,0.0,0.0,40.0
44.0,46221.0,16.0,0.0,0.0,45.0
40.0,137421.0,9.0,0.0,0.0,60.0
62.0,149617.0,10.0,0.0,0.0,16.0
38.0,352628.0,13.0,0.0,0.0,40.0
35.0,63921.0,9.0,0.0,0.0,40.0
33.0,56150.0,13.0,2174.0,0.0,40.0
23.0,134997.0,10.0,0.0,0.0,20.0
18.0,184101.0,10.0,0.0,0.0,25.0
60.0,95490.0,9.0,0.0,0.0,45.0
31.0,145377.0,13.0,0.0,0.0,60.0
42.0,163985.0,9.0,0.0,0.0,27.0
51.0,129301.0,5.0,0.0,0.0,45.0
24.0,537222.0,9.0,0.0,0.0,50.0
38.0,65466.0,13.0,0.0,0.0,50.0
33.0,93213.0,9.0,0.0,0.0,45.0
28.0,107218.0,13.0,0.0,0.0,20.0
41.0,66118.0,10.0,0.0,0.0,25.0
34.0,213226.0,13.0,0.0,1485.0,35.0
35.0,107302.0,13.0,0.0,0.0,40.0
35.0,187089.0,11.0,0.0,0.0,42.0
45.0,27184.0,9.0,0.0,0.0,38.0
33.0,182423.0,9.0,0.0,0.0,40.0
32.0,116834.0,9.0,0.0,0.0,5.0
50.0,153064.0,9.0,5178.0,0.0,40.0
27.0,222506.0,13.0,0.0,0.0,60.0
37.0,112497.0,13.0,0.0,0.0,60.0
55.0,98746.0,10.0,0.0,0.0,50.0
58.0,256466.0,14.0,7688.0,0.0,40.0
68.0,214521.0,15.0,0.0,0.0,16.0
39.0,67317.0,10.0,0.0,0.0,40.0
41.0,287037.0,9.0,0.0,0.0,40.0
51.0,163671.0,13.0,0.0,1902.0,40.0
39.0,188503.0,13.0,0.0,0.0,60.0
19.0,138760.0,9.0,0.0,0.0,40.0
49.0,162264.0,9.0,0.0,0.0,40.0
38.0,236648.0,9.0,0.0,0.0,40.0
19.0,287380.0,10.0,0.0,0.0,27.0
58.0,94429.0,10.0,0.0,0.0,40.0
30.0,102130.0,10.0,0.0,0.0,40.0
44.0,24982.0,10.0,0.0,0.0,40.0
38.0,227794.0,13.0,0.0,0.0,40.0
22.0,214731.0,10.0,0.0,0.0,15.0
41.0,200671.0,13.0,6497.0,0.0,40.0
42.0,557349.0,13.0,0.0,0.0,70.0
42.0,246011.0,13.0,0.0,0.0,55.0
52.0,176134.0,9.0,0.0,0.0,48.0
57.0,80149.0,13.0,0.0,1977.0,40.0
37.0,176756.0,10.0,0.0,1485.0,70.0
31.0,189269.0,9.0,0.0,0.0,40.0
31.0,111883.0,9.0,0.0,0.0,40.0
55.0,145214.0,10.0,4650.0,0.0,20.0
32.0,199416.0,13.0,0.0,0.0,40.0
51.0,203435.0,10.0,0.0,0.0,40.0
26.0,49092.0,9.0,0.0,0.0,40.0
23.0,244698.0,3.0,0.0,0.0,35.0
33.0,129707.0,10.0,0.0,0.0,50.0
45.0,363253.0,10.0,0.0,0.0,50.0
43.0,39581.0,9.0,0.0,0.0,45.0
67.0,219687.0,10.0,0.0,0.0,18.0
46.0,189762.0,12.0,0.0,0.0,56.0
60.0,132529.0,9.0,0.0,0.0,40.0
25.0,161235.0,11.0,0.0,0.0,90.0
31.0,258849.0,11.0,0.0,0.0,40.0
20.0,138768.0,9.0,0.0,0.0,30.0
48.0,158924.0,9.0,0.0,0.0,40.0
34.0,318641.0,13.0,0.0,0.0,45.0
50.0,77905.0,13.0,0.0,0.0,8.0
21.0,55465.0,12.0,0.0,0.0,15.0
24.0,198259.0,13.0,0.0,0.0,40.0
24.0,421474.0,13.0,0.0,0.0,40.0
61.0,584259.0,14.0,0.0,0.0,2.0
36.0,138441.0,10.0,0.0,0.0,40.0
17.0,268276.0,8.0,0.0,0.0,12.0
20.0,270517.0,9.0,0.0,0.0,40.0
21.0,311478.0,9.0,0.0,0.0,45.0
31.0,427474.0,7.0,0.0,2179.0,35.0
42.0,47012.0,13.0,0.0,0.0,40.0
42.0,27661.0,12.0,7298.0,0.0,50.0
30.0,77634.0,9.0,0.0,0.0,40.0
60.0,147473.0,9.0,0.0,0.0,40.0
56.0,156229.0,13.0,7688.0,0.0,40.0
37.0,248919.0,2.0,0.0,0.0,66.0
54.0,186224.0,14.0,0.0,0.0,40.0
21.0,301556.0,9.0,0.0,0.0,19.0
34.0,175761.0,13.0,0.0,0.0,60.0
60.0,166153.0,10.0,0.0,0.0,50.0
17.0,452406.0,7.0,0.0,0.0,15.0
25.0,126974.0,9.0,0.0,0.0,40.0
43.0,170230.0,13.0,0.0,0.0,60.0
55.0,145574.0,9.0,34095.0,0.0,60.0
23.0,109053.0,9.0,0.0,0.0,60.0
42.0,102988.0,14.0,0.0,0.0,55.0
48.0,106377.0,16.0,0.0,0.0,65.0
39.0,203204.0,12.0,0.0,0.0,25.0
30.0,149726.0,13.0,7688.0,0.0,40.0
34.0,209101.0,13.0,5178.0,0.0,55.0
26.0,243560.0,10.0,0.0,0.0,40.0
18.0,230373.0,7.0,594.0,0.0,4.0
22.0,200109.0,9.0,4508.0,0.0,40.0
25.0,336320.0,13.0,0.0,0.0,40.0
34.0,159303.0,14.0,0.0,0.0,30.0
47.0,59380.0,10.0,0.0,0.0,42.0
48.0,179337.0,9.0,0.0,0.0,60.0
42.0,190910.0,9.0,0.0,0.0,45.0
47.0,103743.0,4.0,0.0,0.0,40.0
47.0,247379.0,9.0,0.0,0.0,45.0
40.0,91949.0,16.0,0.0,0.0,40.0
28.0,69107.0,9.0,0.0,0.0,40.0
36.0,180686.0,9.0,0.0,0.0,45.0
43.0,398959.0,10.0,0.0,0.0,40.0
43.0,598606.0,5.0,0.0,0.0,50.0
55.0,102058.0,13.0,0.0,0.0,40.0
24.0,106085.0,9.0,0.0,1721.0,30.0
34.0,341051.0,14.0,0.0,0.0,50.0
72.0,194548.0,10.0,0.0,0.0,3.0
67.0,160456.0,7.0,0.0,0.0,40.0
33.0,189265.0,13.0,0.0,0.0,40.0
39.0,370795.0,9.0,0.0,0.0,40.0
32.0,92003.0,13.0,0.0,0.0,40.0
46.0,95256.0,9.0,0.0,0.0,50.0
63.0,86590.0,9.0,0.0,0.0,32.0
26.0,341672.0,10.0,0.0,0.0,60.0
56.0,170217.0,9.0,0.0,0.0,45.0
42.0,152889.0,6.0,0.0,0.0,45.0
38.0,176657.0,10.0,0.0,0.0,60.0
46.0,243190.0,9.0,7688.0,0.0,40.0
24.0,224785.0,13.0,0.0,1876.0,65.0
23.0,233711.0,9.0,0.0,0.0,50.0
32.0,282611.0,13.0,0.0,0.0,40.0
24.0,205839.0,10.0,0.0,0.0,40.0
54.0,108739.0,7.0,0.0,0.0,40.0
30.0,48542.0,8.0,0.0,0.0,40.0
35.0,238802.0,9.0,0.0,0.0,20.0
23.0,199915.0,9.0,0.0,0.0,21.0
77.0,34761.0,4.0,0.0,0.0,40.0
20.0,155818.0,9.0,0.0,0.0,20.0
29.0,174645.0,7.0,0.0,0.0,52.0
18.0,238867.0,7.0,0.0,1602.0,40.0
20.0,282604.0,10.0,0.0,0.0,20.0
65.0,144822.0,5.0,0.0,0.0,45.0
50.0,155434.0,9.0,0.0,0.0,40.0
30.0,251120.0,12.0,0.0,0.0,40.0
34.0,231238.0,9.0,0.0,0.0,40.0
45.0,98092.0,9.0,0.0,0.0,60.0
49.0,118701.0,9.0,0.0,0.0,40.0
39.0,56269.0,10.0,0.0,0.0,40.0
17.0,72321.0,7.0,0.0,0.0,12.0
32.0,220148.0,9.0,0.0,0.0,40.0
41.0,279297.0,9.0,0.0,0.0,60.0
49.0,176341.0,13.0,0.0,0.0,40.0
51.0,215404.0,13.0,15024.0,0.0,40.0
20.0,61777.0,10.0,0.0,0.0,30.0
36.0,218490.0,13.0,0.0,0.0,45.0
23.0,117583.0,9.0,0.0,0.0,40.0
43.0,598995.0,13.0,3103.0,0.0,40.0
21.0,283969.0,9.0,0.0,0.0,40.0
36.0,139743.0,10.0,0.0,0.0,40.0
27.0,211215.0,9.0,0.0,0.0,50.0
17.0,130125.0,6.0,1055.0,0.0,20.0
50.0,54709.0,9.0,0.0,0.0,46.0
21.0,369084.0,10.0,0.0,0.0,10.0
34.0,193285.0,9.0,0.0,0.0,40.0
32.0,313835.0,14.0,0.0,0.0,40.0
28.0,407672.0,13.0,0.0,0.0,40.0
23.0,353696.0,9.0,0.0,0.0,40.0
24.0,304463.0,10.0,0.0,0.0,65.0
40.0,224793.0,9.0,0.0,1719.0,40.0
26.0,104756.0,9.0,0.0,1651.0,42.0
77.0,185426.0,9.0,0.0,0.0,15.0
36.0,379522.0,9.0,15024.0,0.0,40.0
39.0,127048.0,10.0,0.0,0.0,40.0
42.0,65950.0,9.0,0.0,0.0,40.0
46.0,171095.0,12.0,0.0,0.0,38.0
40.0,329924.0,9.0,0.0,0.0,30.0
53.0,380086.0,9.0,7688.0,0.0,48.0
43.0,150533.0,9.0,0.0,0.0,68.0
46.0,102569.0,14.0,15024.0,0.0,65.0
40.0,277507.0,9.0,0.0,1669.0,40.0
34.0,290763.0,9.0,0.0,0.0,40.0
29.0,568490.0,9.0,0.0,0.0,40.0
52.0,177995.0,2.0,0.0,0.0,56.0
43.0,300528.0,10.0,0.0,0.0,40.0
24.0,266971.0,13.0,0.0,0.0,40.0
45.0,59287.0,13.0,0.0,0.0,40.0
39.0,113725.0,14.0,8614.0,0.0,40.0
32.0,217460.0,5.0,0.0,0.0,50.0
46.0,154083.0,14.0,0.0,0.0,25.0
26.0,160300.0,9.0,0.0,0.0,40.0
35.0,186488.0,9.0,0.0,0.0,50.0
25.0,203279.0,13.0,0.0,0.0,20.0
36.0,248263.0,9.0,0.0,0.0,40.0
27.0,472070.0,11.0,0.0,0.0,40.0
26.0,86872.0,9.0,0.0,0.0,40.0
60.0,200235.0,11.0,0.0,0.0,40.0
43.0,64631.0,9.0,15024.0,0.0,50.0
24.0,283757.0,13.0,0.0,0.0,39.0
53.0,22978.0,14.0,0.0,0.0,50.0
30.0,219110.0,9.0,0.0,0.0,46.0
55.0,111130.0,12.0,0.0,0.0,40.0
35.0,207676.0,10.0,0.0,0.0,40.0
48.0,97176.0,9.0,0.0,0.0,40.0
24.0,225724.0,13.0,0.0,0.0,20.0
36.0,185203.0,9.0,0.0,0.0,40.0
37.0,188377.0,9.0,0.0,0.0,40.0
43.0,67243.0,13.0,0.0,0.0,45.0
41.0,188738.0,9.0,0.0,0.0,27.0
47.0,340982.0,10.0,3103.0,0.0,40.0
29.0,199411.0,11.0,0.0,0.0,40.0
35.0,146091.0,10.0,0.0,0.0,40.0
33.0,222162.0,9.0,0.0,0.0,40.0
18.0,213024.0,10.0,0.0,0.0,30.0
56.0,314727.0,9.0,0.0,0.0,35.0
67.0,116502.0,9.0,0.0,0.0,30.0
48.0,108699.0,9.0,0.0,0.0,40.0
33.0,30612.0,10.0,0.0,0.0,40.0
21.0,186314.0,9.0,0.0,0.0,40.0
23.0,183327.0,9.0,0.0,1594.0,20.0
35.0,197719.0,10.0,0.0,0.0,40.0
50.0,447144.0,14.0,0.0,0.0,40.0
23.0,85139.0,9.0,0.0,0.0,40.0
50.0,38310.0,4.0,0.0,0.0,40.0
23.0,55492.0,11.0,0.0,0.0,30.0
40.0,520586.0,10.0,0.0,0.0,39.0
31.0,126501.0,10.0,0.0,0.0,40.0
33.0,188957.0,13.0,0.0,0.0,40.0
34.0,216283.0,13.0,0.0,0.0,45.0
29.0,115549.0,9.0,2635.0,0.0,40.0
47.0,164423.0,9.0,0.0,0.0,43.0
51.0,261207.0,9.0,0.0,0.0,40.0
45.0,379393.0,10.0,0.0,0.0,45.0
30.0,246439.0,10.0,0.0,0.0,40.0
26.0,75654.0,9.0,0.0,0.0,55.0
42.0,168515.0,11.0,0.0,0.0,40.0
41.0,344329.0,9.0,0.0,0.0,10.0
23.0,99408.0,10.0,0.0,0.0,40.0
31.0,217962.0,10.0,0.0,0.0,40.0
35.0,233786.0,9.0,0.0,0.0,40.0
60.0,199378.0,9.0,0.0,0.0,40.0
21.0,40052.0,10.0,0.0,2001.0,45.0
24.0,175778.0,13.0,0.0,0.0,40.0
33.0,198827.0,9.0,0.0,0.0,40.0
43.0,49249.0,12.0,0.0,0.0,50.0
32.0,177216.0,13.0,0.0,0.0,40.0
22.0,201569.0,13.0,0.0,0.0,20.0
61.0,227332.0,13.0,0.0,0.0,40.0
42.0,176286.0,12.0,0.0,0.0,40.0
22.0,277700.0,10.0,0.0,0.0,20.0
46.0,345911.0,10.0,0.0,0.0,40.0
40.0,193537.0,10.0,0.0,0.0,40.0
30.0,241885.0,10.0,0.0,0.0,40.0
55.0,117477.0,7.0,0.0,0.0,40.0
36.0,269509.0,9.0,0.0,0.0,35.0
50.0,313321.0,12.0,0.0,0.0,40.0
45.0,167381.0,9.0,0.0,0.0,32.0
51.0,41414.0,5.0,0.0,0.0,40.0
33.0,155151.0,10.0,0.0,1740.0,50.0
33.0,361497.0,9.0,0.0,0.0,40.0
36.0,207853.0,13.0,15024.0,0.0,65.0
33.0,56701.0,13.0,15024.0,0.0,75.0
35.0,422933.0,13.0,0.0,0.0,37.0
54.0,104421.0,10.0,0.0,0.0,40.0
34.0,154667.0,9.0,0.0,0.0,40.0
27.0,172009.0,13.0,0.0,0.0,40.0
39.0,257250.0,9.0,0.0,0.0,60.0
25.0,60726.0,9.0,0.0,0.0,30.0
47.0,60267.0,13.0,0.0,0.0,38.0
53.0,229465.0,14.0,0.0,0.0,55.0
41.0,56236.0,9.0,1506.0,0.0,40.0
40.0,477345.0,4.0,0.0,2057.0,40.0
50.0,24790.0,9.0,0.0,0.0,40.0
58.0,49884.0,9.0,0.0,0.0,50.0
55.0,183884.0,9.0,0.0,0.0,45.0
29.0,218555.0,14.0,0.0,0.0,40.0
51.0,176969.0,9.0,0.0,0.0,48.0
34.0,204461.0,14.0,0.0,0.0,50.0
32.0,328060.0,5.0,0.0,0.0,40.0
49.0,121238.0,10.0,0.0,0.0,40.0
24.0,33016.0,10.0,0.0,0.0,40.0
58.0,194733.0,10.0,0.0,0.0,45.0
46.0,173243.0,10.0,5178.0,0.0,40.0
48.0,175622.0,11.0,0.0,0.0,40.0
24.0,236769.0,12.0,0.0,0.0,40.0
31.0,77634.0,11.0,0.0,0.0,42.0
56.0,92215.0,5.0,0.0,0.0,40.0
35.0,148334.0,10.0,0.0,0.0,40.0
37.0,212005.0,11.0,0.0,0.0,40.0
46.0,212944.0,7.0,0.0,0.0,32.0
38.0,239045.0,16.0,0.0,0.0,50.0
21.0,228424.0,6.0,0.0,0.0,40.0
32.0,248754.0,10.0,0.0,0.0,40.0
32.0,74501.0,14.0,0.0,0.0,50.0
37.0,122493.0,9.0,0.0,0.0,45.0
31.0,188108.0,9.0,4101.0,0.0,40.0
28.0,595088.0,10.0,0.0,0.0,63.0
42.0,245626.0,9.0,0.0,0.0,60.0
53.0,129301.0,10.0,0.0,0.0,45.0
46.0,282538.0,11.0,0.0,0.0,40.0
27.0,194590.0,12.0,0.0,0.0,25.0
48.0,193047.0,14.0,0.0,0.0,60.0
29.0,191935.0,9.0,0.0,0.0,40.0
43.0,159549.0,13.0,0.0,1902.0,40.0
27.0,266973.0,9.0,0.0,0.0,60.0
36.0,167415.0,9.0,0.0,0.0,40.0
42.0,360879.0,10.0,0.0,0.0,40.0
18.0,220168.0,10.0,0.0,0.0,16.0
29.0,159768.0,9.0,3325.0,0.0,40.0
40.0,308027.0,9.0,0.0,0.0,40.0
23.0,195016.0,10.0,0.0,0.0,35.0
33.0,132565.0,7.0,0.0,0.0,40.0
40.0,74949.0,10.0,0.0,0.0,40.0
20.0,170038.0,9.0,0.0,0.0,40.0
38.0,218188.0,12.0,0.0,0.0,25.0
32.0,198068.0,9.0,0.0,0.0,40.0
38.0,149419.0,11.0,0.0,0.0,50.0
56.0,122390.0,11.0,15024.0,0.0,40.0
51.0,427781.0,9.0,0.0,0.0,40.0
42.0,126333.0,9.0,0.0,0.0,40.0
44.0,55191.0,15.0,0.0,0.0,40.0
52.0,155983.0,13.0,0.0,0.0,40.0
35.0,190226.0,9.0,0.0,0.0,40.0
31.0,191834.0,9.0,0.0,0.0,40.0
24.0,228395.0,13.0,0.0,0.0,40.0
40.0,183765.0,12.0,0.0,0.0,40.0
33.0,361497.0,9.0,0.0,0.0,40.0
64.0,184271.0,16.0,0.0,0.0,50.0
35.0,81232.0,13.0,15024.0,0.0,50.0
41.0,203943.0,8.0,0.0,0.0,40.0
34.0,148291.0,9.0,0.0,0.0,32.0
29.0,73928.0,13.0,0.0,0.0,15.0
43.0,198096.0,14.0,0.0,0.0,60.0
26.0,205036.0,9.0,0.0,0.0,42.0
40.0,110862.0,13.0,0.0,0.0,50.0
66.0,188842.0,13.0,0.0,0.0,24.0
32.0,198901.0,6.0,0.0,0.0,40.0
50.0,188186.0,14.0,0.0,1590.0,45.0
45.0,201080.0,10.0,0.0,0.0,60.0
23.0,162945.0,4.0,0.0,0.0,35.0
34.0,41493.0,13.0,0.0,0.0,40.0
37.0,175232.0,14.0,0.0,0.0,60.0
67.0,102693.0,9.0,1086.0,0.0,35.0
49.0,173411.0,9.0,0.0,0.0,40.0
68.0,211287.0,14.0,0.0,2392.0,40.0
19.0,249787.0,9.0,0.0,0.0,40.0
41.0,144144.0,9.0,0.0,0.0,30.0
22.0,374116.0,9.0,0.0,0.0,36.0
46.0,353012.0,9.0,0.0,0.0,40.0
38.0,64879.0,10.0,0.0,0.0,40.0
39.0,134475.0,13.0,0.0,1762.0,40.0
59.0,318450.0,13.0,0.0,0.0,50.0
37.0,279029.0,13.0,0.0,0.0,40.0
53.0,200576.0,7.0,0.0,0.0,40.0
63.0,339755.0,13.0,0.0,0.0,50.0
23.0,420973.0,13.0,0.0,0.0,40.0
48.0,160220.0,11.0,0.0,0.0,40.0
40.0,210013.0,9.0,0.0,0.0,50.0
36.0,145704.0,9.0,0.0,0.0,40.0
28.0,110145.0,5.0,0.0,0.0,40.0
39.0,289430.0,3.0,0.0,0.0,50.0
29.0,207473.0,4.0,0.0,0.0,40.0
33.0,142675.0,13.0,0.0,0.0,30.0
42.0,384236.0,14.0,7688.0,0.0,40.0
37.0,187046.0,10.0,0.0,0.0,40.0
33.0,217304.0,13.0,0.0,0.0,40.0
21.0,313873.0,3.0,0.0,0.0,40.0
17.0,169037.0,7.0,0.0,0.0,40.0
66.0,41506.0,6.0,0.0,0.0,40.0
52.0,242341.0,4.0,0.0,0.0,40.0
29.0,53434.0,11.0,0.0,0.0,60.0
51.0,140516.0,14.0,0.0,0.0,40.0
23.0,40165.0,10.0,0.0,0.0,50.0
35.0,103710.0,14.0,0.0,0.0,40.0
19.0,382688.0,6.0,0.0,0.0,20.0
41.0,213416.0,3.0,0.0,0.0,32.0
51.0,230095.0,11.0,0.0,0.0,40.0
33.0,213179.0,10.0,0.0,0.0,40.0
25.0,335005.0,13.0,0.0,0.0,35.0
52.0,154728.0,9.0,0.0,0.0,40.0
41.0,101739.0,12.0,0.0,0.0,50.0
23.0,53245.0,5.0,0.0,0.0,40.0
47.0,202117.0,9.0,0.0,0.0,37.0
30.0,44566.0,13.0,0.0,0.0,40.0
39.0,128715.0,9.0,0.0,0.0,45.0
29.0,296450.0,4.0,0.0,0.0,40.0
36.0,185607.0,9.0,0.0,0.0,30.0
28.0,68021.0,13.0,0.0,0.0,40.0
46.0,206889.0,13.0,0.0,0.0,25.0
63.0,205246.0,9.0,0.0,0.0,40.0
73.0,88594.0,9.0,0.0,0.0,35.0
34.0,177675.0,13.0,0.0,0.0,40.0
31.0,31286.0,11.0,0.0,0.0,40.0
35.0,215323.0,11.0,0.0,0.0,35.0
45.0,160173.0,14.0,7688.0,0.0,50.0
52.0,25826.0,6.0,0.0,1887.0,47.0
49.0,387074.0,10.0,0.0,0.0,40.0
35.0,103323.0,10.0,0.0,0.0,40.0
37.0,225860.0,12.0,0.0,0.0,50.0
45.0,144354.0,5.0,0.0,0.0,40.0
54.0,48358.0,9.0,0.0,0.0,40.0
19.0,768659.0,10.0,0.0,0.0,60.0
54.0,114674.0,10.0,0.0,0.0,40.0
84.0,157778.0,10.0,0.0,0.0,6.0
42.0,222978.0,16.0,0.0,0.0,45.0
54.0,230767.0,12.0,0.0,0.0,40.0
27.0,175262.0,13.0,0.0,0.0,40.0
43.0,347653.0,10.0,0.0,0.0,48.0
56.0,95763.0,6.0,0.0,0.0,45.0
34.0,31391.0,9.0,0.0,0.0,53.0
30.0,111567.0,10.0,0.0,0.0,40.0
44.0,53956.0,10.0,0.0,0.0,57.0
34.0,157466.0,9.0,0.0,0.0,45.0
35.0,149347.0,9.0,0.0,0.0,70.0
54.0,206862.0,9.0,0.0,0.0,36.0
49.0,59612.0,14.0,0.0,0.0,40.0
60.0,427248.0,9.0,0.0,0.0,40.0
23.0,73514.0,9.0,0.0,0.0,40.0
31.0,651396.0,9.0,0.0,1594.0,30.0
27.0,163127.0,11.0,0.0,0.0,35.0
32.0,168854.0,13.0,0.0,1848.0,50.0
68.0,176468.0,9.0,0.0,0.0,24.0
41.0,283174.0,13.0,99999.0,0.0,40.0
22.0,137876.0,10.0,0.0,0.0,20.0
49.0,193366.0,14.0,0.0,0.0,65.0
60.0,239576.0,14.0,0.0,0.0,10.0
35.0,117528.0,13.0,0.0,0.0,40.0
50.0,109277.0,5.0,0.0,0.0,48.0
48.0,128796.0,12.0,0.0,0.0,40.0
18.0,220754.0,7.0,0.0,0.0,24.0
21.0,85088.0,10.0,0.0,0.0,37.0
55.0,115439.0,10.0,0.0,0.0,40.0
27.0,159897.0,9.0,0.0,0.0,37.0
46.0,125892.0,13.0,0.0,1977.0,60.0
48.0,138069.0,3.0,0.0,2042.0,50.0
26.0,152035.0,9.0,0.0,0.0,40.0
64.0,181232.0,7.0,0.0,2179.0,40.0
54.0,117674.0,13.0,0.0,0.0,40.0
41.0,98823.0,13.0,0.0,0.0,50.0
23.0,39615.0,10.0,0.0,0.0,10.0
32.0,158438.0,9.0,0.0,0.0,40.0
46.0,155890.0,13.0,0.0,0.0,40.0
54.0,127704.0,4.0,0.0,0.0,40.0
29.0,181434.0,13.0,7298.0,0.0,40.0
54.0,409173.0,9.0,0.0,0.0,50.0
25.0,135568.0,9.0,0.0,0.0,40.0
56.0,101128.0,12.0,0.0,0.0,25.0
38.0,286405.0,16.0,0.0,1887.0,50.0
18.0,219841.0,7.0,0.0,0.0,12.0
52.0,321959.0,10.0,0.0,0.0,40.0
45.0,70754.0,15.0,7298.0,0.0,60.0
45.0,33234.0,13.0,0.0,0.0,40.0
34.0,139890.0,10.0,0.0,0.0,40.0
31.0,151053.0,10.0,0.0,0.0,34.0
36.0,186819.0,12.0,0.0,0.0,52.0
48.0,209146.0,9.0,0.0,0.0,60.0
62.0,52765.0,5.0,0.0,0.0,40.0
22.0,202153.0,10.0,0.0,0.0,40.0
51.0,144522.0,9.0,0.0,0.0,40.0
29.0,148550.0,9.0,0.0,0.0,40.0
19.0,43937.0,10.0,0.0,0.0,20.0
34.0,118710.0,9.0,0.0,0.0,40.0
20.0,217421.0,9.0,0.0,0.0,40.0
74.0,99183.0,10.0,0.0,0.0,9.0
38.0,204640.0,10.0,0.0,0.0,40.0
30.0,211654.0,14.0,0.0,0.0,40.0
35.0,206951.0,14.0,0.0,0.0,40.0
21.0,138580.0,8.0,0.0,0.0,40.0
19.0,209826.0,10.0,0.0,0.0,15.0
36.0,214807.0,9.0,0.0,0.0,40.0
23.0,188950.0,11.0,0.0,0.0,40.0
32.0,311524.0,9.0,0.0,0.0,38.0
31.0,178506.0,10.0,0.0,0.0,40.0
41.0,38876.0,11.0,0.0,0.0,60.0
24.0,50341.0,13.0,0.0,0.0,40.0
56.0,238582.0,10.0,0.0,0.0,41.0
64.0,50442.0,5.0,0.0,0.0,40.0
31.0,118941.0,10.0,0.0,0.0,40.0
36.0,47570.0,14.0,0.0,0.0,40.0
48.0,77102.0,16.0,0.0,0.0,45.0
35.0,102268.0,13.0,0.0,0.0,45.0
20.0,221661.0,9.0,0.0,0.0,40.0
26.0,68346.0,14.0,0.0,0.0,10.0
29.0,154017.0,9.0,0.0,0.0,10.0
60.0,31577.0,9.0,0.0,0.0,60.0
37.0,234807.0,13.0,7430.0,0.0,45.0
50.0,195638.0,6.0,0.0,0.0,40.0
65.0,176219.0,9.0,0.0,0.0,40.0
34.0,136721.0,9.0,0.0,0.0,40.0
39.0,203482.0,14.0,7298.0,0.0,40.0
33.0,292317.0,5.0,0.0,0.0,40.0
38.0,165930.0,9.0,0.0,0.0,40.0
36.0,344351.0,9.0,0.0,0.0,40.0
23.0,185452.0,13.0,0.0,0.0,35.0
56.0,329948.0,9.0,0.0,0.0,40.0
65.0,111916.0,15.0,0.0,0.0,10.0
63.0,310396.0,5.0,5178.0,0.0,40.0
36.0,189674.0,10.0,0.0,0.0,40.0
36.0,37931.0,9.0,0.0,0.0,48.0
29.0,53642.0,11.0,0.0,0.0,40.0
22.0,289982.0,13.0,0.0,0.0,35.0
23.0,119838.0,13.0,0.0,0.0,50.0
30.0,299223.0,10.0,0.0,0.0,40.0
62.0,168682.0,4.0,0.0,0.0,5.0
41.0,233955.0,14.0,0.0,0.0,45.0
31.0,208881.0,10.0,0.0,0.0,40.0
33.0,292465.0,5.0,0.0,0.0,50.0
58.0,126104.0,14.0,0.0,1980.0,45.0
51.0,72436.0,9.0,0.0,0.0,57.0
66.0,127921.0,9.0,2050.0,0.0,55.0
33.0,303867.0,9.0,0.0,0.0,70.0
27.0,133937.0,14.0,0.0,0.0,40.0
24.0,314165.0,10.0,0.0,0.0,20.0
29.0,231507.0,9.0,0.0,0.0,35.0
21.0,161415.0,10.0,0.0,0.0,50.0
23.0,109952.0,10.0,0.0,0.0,60.0
36.0,83471.0,9.0,0.0,0.0,20.0
47.0,180277.0,9.0,0.0,0.0,40.0
55.0,125147.0,9.0,0.0,0.0,45.0
53.0,182186.0,5.0,0.0,0.0,40.0
33.0,181824.0,9.0,0.0,0.0,20.0
46.0,56482.0,10.0,0.0,0.0,40.0
41.0,219155.0,15.0,0.0,0.0,50.0
29.0,192283.0,10.0,0.0,0.0,20.0
23.0,494371.0,9.0,0.0,0.0,40.0
59.0,556688.0,5.0,0.0,0.0,12.0
31.0,257849.0,9.0,0.0,0.0,40.0
22.0,440934.0,10.0,0.0,0.0,40.0
25.0,198813.0,13.0,0.0,1590.0,40.0
39.0,176186.0,10.0,0.0,0.0,50.0
28.0,187981.0,9.0,0.0,0.0,40.0
56.0,267763.0,9.0,0.0,0.0,40.0
35.0,340018.0,6.0,0.0,0.0,38.0
24.0,172152.0,13.0,0.0,0.0,25.0
28.0,54042.0,11.0,2463.0,0.0,35.0
50.0,176773.0,1.0,0.0,0.0,40.0
24.0,194848.0,13.0,0.0,0.0,40.0
45.0,190406.0,15.0,25236.0,0.0,36.0
30.0,203277.0,9.0,0.0,0.0,60.0
60.0,389254.0,9.0,0.0,0.0,40.0
44.0,228516.0,9.0,0.0,0.0,20.0
18.0,36275.0,9.0,0.0,0.0,25.0
23.0,60409.0,9.0,0.0,0.0,40.0
82.0,240491.0,9.0,0.0,0.0,40.0
33.0,34572.0,9.0,0.0,0.0,40.0
36.0,170376.0,9.0,0.0,0.0,45.0
37.0,212437.0,10.0,0.0,0.0,48.0
43.0,88233.0,10.0,0.0,0.0,60.0
56.0,147653.0,9.0,0.0,0.0,32.0
58.0,430005.0,6.0,0.0,0.0,50.0
33.0,186824.0,7.0,0.0,0.0,40.0
52.0,196504.0,4.0,0.0,0.0,40.0
57.0,143266.0,13.0,7298.0,0.0,60.0
50.0,71417.0,9.0,3103.0,0.0,40.0
25.0,632834.0,9.0,0.0,0.0,40.0
55.0,67433.0,9.0,0.0,0.0,60.0
22.0,124810.0,9.0,0.0,0.0,20.0
58.0,289364.0,10.0,7688.0,0.0,45.0
32.0,79586.0,13.0,0.0,0.0,40.0
29.0,360401.0,10.0,0.0,1719.0,48.0
44.0,36271.0,13.0,0.0,0.0,40.0
25.0,74977.0,10.0,0.0,0.0,40.0
47.0,188694.0,14.0,15024.0,0.0,45.0
40.0,216237.0,13.0,0.0,0.0,45.0
23.0,214542.0,13.0,0.0,0.0,42.0
54.0,21698.0,13.0,0.0,0.0,40.0
22.0,89991.0,10.0,0.0,0.0,11.0
47.0,179955.0,10.0,0.0,0.0,25.0
70.0,236055.0,4.0,0.0,0.0,35.0
38.0,180303.0,13.0,0.0,0.0,50.0
26.0,169100.0,9.0,0.0,0.0,40.0
17.0,317702.0,5.0,0.0,0.0,40.0
18.0,183824.0,8.0,0.0,0.0,30.0
28.0,715938.0,13.0,0.0,0.0,40.0
45.0,167159.0,13.0,0.0,0.0,50.0
55.0,174662.0,9.0,0.0,0.0,32.0
49.0,192203.0,5.0,0.0,0.0,40.0
53.0,114758.0,14.0,15024.0,0.0,65.0
30.0,255004.0,12.0,0.0,0.0,52.0
35.0,110188.0,13.0,0.0,0.0,40.0
34.0,27494.0,9.0,0.0,0.0,48.0
42.0,20809.0,9.0,0.0,0.0,75.0
27.0,210313.0,9.0,0.0,0.0,50.0
27.0,200492.0,13.0,0.0,0.0,40.0
50.0,124793.0,10.0,0.0,0.0,55.0
45.0,231013.0,13.0,0.0,0.0,40.0
66.0,115498.0,13.0,99999.0,0.0,55.0
42.0,109501.0,3.0,0.0,0.0,40.0
19.0,138917.0,10.0,0.0,0.0,20.0
68.0,34887.0,9.0,0.0,0.0,6.0
34.0,108247.0,10.0,0.0,0.0,45.0
20.0,204596.0,8.0,0.0,0.0,20.0
74.0,392886.0,9.0,0.0,0.0,14.0
27.0,428030.0,13.0,0.0,0.0,50.0
26.0,68895.0,9.0,0.0,0.0,50.0
38.0,166497.0,15.0,0.0,0.0,60.0
55.0,113398.0,10.0,0.0,0.0,40.0
57.0,317969.0,9.0,0.0,0.0,50.0
37.0,526968.0,14.0,0.0,0.0,38.0
47.0,148995.0,13.0,0.0,2415.0,60.0
60.0,36077.0,4.0,0.0,0.0,40.0
31.0,402089.0,9.0,0.0,0.0,40.0
19.0,355313.0,9.0,0.0,0.0,40.0
18.0,236090.0,9.0,0.0,0.0,40.0
43.0,214781.0,10.0,0.0,0.0,38.0
47.0,40690.0,10.0,0.0,0.0,40.0
44.0,122749.0,9.0,0.0,0.0,35.0
19.0,299050.0,10.0,0.0,0.0,20.0
52.0,231865.0,9.0,0.0,0.0,46.0
25.0,295912.0,10.0,0.0,0.0,20.0
23.0,182342.0,9.0,0.0,0.0,40.0
45.0,350440.0,9.0,0.0,0.0,40.0
33.0,409172.0,13.0,0.0,0.0,55.0
18.0,395026.0,7.0,0.0,0.0,12.0
34.0,152453.0,8.0,0.0,0.0,40.0
37.0,308691.0,13.0,0.0,0.0,45.0
48.0,328606.0,15.0,14084.0,0.0,63.0
44.0,52028.0,2.0,0.0,0.0,40.0
44.0,145522.0,14.0,0.0,0.0,40.0
35.0,143152.0,10.0,3908.0,0.0,27.0
29.0,133846.0,10.0,0.0,0.0,40.0
30.0,226443.0,14.0,0.0,1887.0,45.0
49.0,122584.0,4.0,0.0,0.0,40.0
21.0,152389.0,10.0,0.0,0.0,30.0
19.0,43921.0,10.0,0.0,0.0,40.0
29.0,192010.0,13.0,0.0,0.0,60.0
45.0,36228.0,13.0,4386.0,0.0,35.0
30.0,231263.0,9.0,0.0,0.0,40.0
39.0,189911.0,7.0,0.0,0.0,40.0
24.0,161092.0,13.0,0.0,0.0,40.0
42.0,140915.0,9.0,0.0,0.0,60.0
53.0,135105.0,13.0,0.0,0.0,50.0
51.0,45599.0,9.0,0.0,0.0,40.0
17.0,221797.0,8.0,594.0,0.0,20.0
54.0,140359.0,4.0,0.0,3900.0,40.0
36.0,66173.0,13.0,0.0,0.0,50.0
35.0,268661.0,10.0,0.0,0.0,50.0
32.0,154120.0,9.0,0.0,0.0,40.0
38.0,364782.0,9.0,0.0,0.0,40.0
43.0,106900.0,13.0,0.0,0.0,40.0
46.0,67001.0,16.0,0.0,0.0,40.0
42.0,443508.0,16.0,0.0,0.0,45.0
25.0,230200.0,13.0,0.0,0.0,40.0
53.0,133963.0,9.0,0.0,0.0,40.0
46.0,201865.0,15.0,0.0,0.0,60.0
46.0,231515.0,12.0,0.0,0.0,47.0
24.0,321763.0,9.0,0.0,0.0,38.0
50.0,226735.0,10.0,0.0,0.0,70.0
38.0,65624.0,9.0,0.0,0.0,40.0
32.0,299635.0,10.0,0.0,0.0,50.0
34.0,205152.0,9.0,0.0,0.0,40.0
42.0,222884.0,13.0,0.0,0.0,55.0
31.0,101266.0,12.0,0.0,0.0,40.0
33.0,161942.0,13.0,1055.0,0.0,40.0
35.0,216068.0,9.0,0.0,0.0,38.0
33.0,182556.0,8.0,0.0,0.0,40.0
46.0,208067.0,9.0,0.0,0.0,40.0
50.0,98954.0,10.0,0.0,0.0,40.0
62.0,122033.0,9.0,0.0,0.0,38.0
51.0,124963.0,13.0,0.0,0.0,40.0
28.0,184831.0,10.0,0.0,0.0,40.0
21.0,38772.0,10.0,0.0,0.0,20.0
60.0,142494.0,10.0,15024.0,0.0,40.0
69.0,170458.0,9.0,0.0,0.0,20.0
50.0,240374.0,14.0,0.0,0.0,40.0
18.0,191784.0,9.0,0.0,0.0,40.0
21.0,153209.0,10.0,0.0,0.0,40.0
51.0,179479.0,9.0,3325.0,0.0,40.0
47.0,61885.0,13.0,0.0,0.0,40.0
20.0,162945.0,10.0,0.0,0.0,40.0
46.0,313635.0,15.0,4650.0,0.0,40.0
63.0,110610.0,6.0,0.0,0.0,50.0
47.0,162034.0,13.0,0.0,0.0,70.0
20.0,216436.0,13.0,0.0,0.0,30.0
34.0,124569.0,10.0,0.0,0.0,40.0
25.0,125082.0,9.0,0.0,0.0,40.0
61.0,156653.0,9.0,0.0,0.0,55.0
30.0,145231.0,12.0,0.0,1762.0,40.0
40.0,180032.0,14.0,0.0,1669.0,40.0
23.0,37894.0,9.0,0.0,0.0,40.0
32.0,250853.0,11.0,0.0,0.0,40.0
52.0,233149.0,14.0,15024.0,0.0,40.0
45.0,192360.0,14.0,0.0,1902.0,50.0
46.0,102771.0,14.0,0.0,1977.0,40.0
47.0,160646.0,11.0,0.0,0.0,35.0
35.0,110538.0,9.0,0.0,0.0,55.0
37.0,95336.0,6.0,0.0,0.0,65.0
30.0,129707.0,13.0,99999.0,0.0,35.0
32.0,223267.0,14.0,0.0,0.0,48.0
25.0,260754.0,13.0,0.0,0.0,40.0
60.0,212856.0,14.0,0.0,0.0,40.0
50.0,220640.0,14.0,0.0,0.0,50.0
17.0,271837.0,10.0,0.0,0.0,16.0
45.0,115187.0,11.0,0.0,0.0,40.0
32.0,191385.0,12.0,2174.0,0.0,40.0
26.0,152855.0,9.0,0.0,0.0,40.0
41.0,172828.0,5.0,0.0,0.0,55.0
33.0,202046.0,13.0,0.0,0.0,45.0
31.0,165949.0,9.0,0.0,0.0,40.0
48.0,191277.0,11.0,0.0,0.0,50.0
37.0,112554.0,9.0,0.0,0.0,45.0
30.0,455995.0,7.0,0.0,0.0,45.0
39.0,269323.0,10.0,0.0,0.0,40.0
59.0,98418.0,9.0,0.0,0.0,20.0
26.0,213412.0,7.0,0.0,0.0,40.0
30.0,205204.0,9.0,0.0,0.0,40.0
39.0,154641.0,11.0,0.0,0.0,40.0
29.0,185670.0,13.0,0.0,0.0,40.0
68.0,140852.0,9.0,0.0,0.0,40.0
33.0,348491.0,10.0,0.0,0.0,40.0
51.0,134808.0,9.0,0.0,0.0,40.0
49.0,547108.0,13.0,15024.0,0.0,40.0
58.0,150560.0,13.0,14084.0,0.0,40.0
44.0,366180.0,13.0,0.0,0.0,50.0
44.0,158555.0,10.0,0.0,0.0,50.0
29.0,35032.0,9.0,0.0,0.0,40.0
50.0,200046.0,14.0,0.0,0.0,50.0
31.0,214235.0,9.0,0.0,0.0,65.0
26.0,209051.0,10.0,0.0,0.0,25.0
63.0,272425.0,11.0,0.0,0.0,40.0
17.0,103851.0,7.0,0.0,0.0,4.0
29.0,42881.0,13.0,0.0,0.0,40.0
24.0,195770.0,10.0,0.0,0.0,40.0
56.0,359972.0,10.0,0.0,0.0,40.0
37.0,78374.0,9.0,0.0,0.0,38.0
41.0,67065.0,11.0,0.0,0.0,40.0
27.0,321456.0,10.0,0.0,0.0,40.0
40.0,184682.0,10.0,0.0,0.0,40.0
17.0,19752.0,7.0,0.0,0.0,25.0
24.0,441700.0,13.0,0.0,0.0,40.0
21.0,314645.0,10.0,0.0,0.0,43.0
58.0,34878.0,13.0,0.0,0.0,50.0
22.0,34616.0,10.0,0.0,0.0,30.0
26.0,168552.0,9.0,0.0,0.0,40.0
17.0,35603.0,7.0,0.0,0.0,16.0
23.0,238087.0,10.0,0.0,0.0,30.0
51.0,89652.0,9.0,4787.0,0.0,24.0
44.0,144067.0,13.0,0.0,0.0,12.0
26.0,192652.0,10.0,0.0,0.0,15.0
30.0,197058.0,12.0,0.0,0.0,40.0
46.0,191978.0,14.0,0.0,2392.0,50.0
45.0,161819.0,7.0,0.0,0.0,25.0
21.0,431745.0,10.0,0.0,0.0,10.0
39.0,257942.0,9.0,0.0,0.0,40.0
32.0,160594.0,10.0,0.0,0.0,35.0
34.0,187215.0,13.0,15024.0,0.0,36.0
27.0,109611.0,5.0,0.0,0.0,37.0
44.0,172479.0,13.0,7688.0,0.0,40.0
29.0,1268339.0,9.0,0.0,0.0,40.0
64.0,86972.0,10.0,0.0,0.0,40.0
39.0,160916.0,5.0,0.0,0.0,40.0
21.0,212213.0,12.0,0.0,0.0,40.0
70.0,355536.0,9.0,0.0,0.0,24.0
23.0,260019.0,4.0,0.0,0.0,36.0
54.0,103024.0,9.0,0.0,0.0,42.0
37.0,108320.0,13.0,0.0,0.0,45.0
30.0,190511.0,9.0,0.0,0.0,40.0
30.0,101345.0,9.0,0.0,0.0,26.0
27.0,221252.0,9.0,0.0,0.0,8.0
34.0,118584.0,13.0,0.0,0.0,40.0
52.0,73134.0,13.0,0.0,0.0,40.0
26.0,36201.0,13.0,0.0,0.0,50.0
41.0,205670.0,9.0,0.0,0.0,40.0
49.0,191389.0,9.0,0.0,0.0,40.0
54.0,199741.0,9.0,0.0,2001.0,35.0
25.0,281209.0,9.0,0.0,0.0,40.0
40.0,337456.0,9.0,0.0,0.0,40.0
42.0,344920.0,10.0,0.0,0.0,50.0
51.0,269080.0,4.0,0.0,0.0,40.0
19.0,199495.0,9.0,0.0,0.0,40.0
33.0,204557.0,9.0,0.0,0.0,40.0
38.0,97083.0,10.0,0.0,0.0,40.0
37.0,164526.0,13.0,0.0,0.0,40.0
44.0,194924.0,9.0,0.0,0.0,35.0
38.0,241962.0,9.0,0.0,0.0,40.0
59.0,181070.0,9.0,0.0,0.0,40.0
57.0,174132.0,14.0,0.0,1977.0,40.0
35.0,308489.0,13.0,0.0,0.0,50.0
62.0,41718.0,6.0,0.0,0.0,35.0
45.0,203322.0,10.0,0.0,0.0,38.0
27.0,302406.0,10.0,0.0,0.0,40.0
23.0,228243.0,10.0,0.0,0.0,44.0
40.0,124747.0,9.0,7298.0,0.0,40.0
75.0,316119.0,10.0,0.0,0.0,8.0
48.0,497486.0,9.0,1471.0,0.0,40.0
24.0,273049.0,13.0,0.0,0.0,42.0
40.0,136986.0,14.0,99999.0,0.0,52.0
64.0,64544.0,10.0,0.0,0.0,12.0
52.0,469005.0,13.0,0.0,0.0,40.0
28.0,139903.0,13.0,0.0,0.0,40.0
40.0,277256.0,13.0,0.0,2559.0,55.0
29.0,143582.0,9.0,0.0,0.0,35.0
34.0,203051.0,9.0,0.0,0.0,50.0
39.0,357962.0,12.0,0.0,0.0,48.0
43.0,484861.0,10.0,4064.0,0.0,38.0
52.0,165998.0,10.0,0.0,0.0,40.0
30.0,245211.0,9.0,0.0,2002.0,43.0
57.0,202903.0,4.0,1173.0,0.0,45.0
42.0,337629.0,8.0,0.0,0.0,60.0
21.0,356286.0,9.0,0.0,0.0,40.0
49.0,185041.0,9.0,0.0,0.0,40.0
40.0,223730.0,14.0,0.0,0.0,38.0
27.0,191628.0,9.0,2174.0,0.0,40.0
21.0,148211.0,9.0,3674.0,0.0,50.0
50.0,197322.0,7.0,0.0,0.0,50.0
37.0,243409.0,9.0,0.0,0.0,40.0
30.0,164190.0,13.0,0.0,2258.0,45.0
44.0,103233.0,13.0,0.0,0.0,40.0
68.0,286869.0,4.0,0.0,1668.0,40.0
19.0,174233.0,10.0,0.0,0.0,24.0
35.0,243357.0,7.0,0.0,0.0,40.0
19.0,252752.0,9.0,0.0,0.0,35.0
29.0,232784.0,12.0,0.0,0.0,40.0
44.0,107845.0,12.0,0.0,0.0,56.0
26.0,275703.0,10.0,0.0,0.0,40.0
71.0,137499.0,9.0,0.0,0.0,16.0
24.0,379418.0,10.0,0.0,0.0,40.0
46.0,265105.0,13.0,0.0,0.0,50.0
62.0,101375.0,6.0,0.0,0.0,40.0
45.0,191776.0,14.0,25236.0,0.0,42.0
57.0,114495.0,9.0,0.0,0.0,60.0
73.0,200878.0,9.0,0.0,0.0,15.0
47.0,243631.0,13.0,0.0,0.0,40.0
50.0,94081.0,9.0,0.0,0.0,40.0
67.0,182581.0,10.0,20051.0,0.0,20.0
51.0,172281.0,13.0,0.0,0.0,35.0
69.0,628797.0,10.0,0.0,0.0,20.0
21.0,51262.0,9.0,0.0,0.0,35.0
28.0,167737.0,14.0,5178.0,0.0,40.0
45.0,72393.0,9.0,0.0,0.0,35.0
39.0,159168.0,11.0,0.0,3004.0,40.0
20.0,234640.0,10.0,0.0,0.0,40.0
56.0,183580.0,13.0,0.0,0.0,30.0
22.0,199426.0,10.0,0.0,0.0,17.0
38.0,248919.0,7.0,0.0,0.0,40.0
18.0,41385.0,9.0,4508.0,0.0,40.0
61.0,213321.0,9.0,0.0,0.0,40.0
61.0,359367.0,10.0,0.0,0.0,40.0
63.0,316627.0,6.0,0.0,0.0,10.0
59.0,133201.0,3.0,0.0,0.0,40.0
46.0,216666.0,5.0,0.0,0.0,40.0
44.0,469454.0,11.0,7298.0,0.0,48.0
71.0,100063.0,9.0,0.0,0.0,40.0
34.0,338416.0,6.0,0.0,0.0,60.0
44.0,342434.0,13.0,0.0,0.0,50.0
37.0,261241.0,10.0,0.0,1485.0,50.0
53.0,214868.0,11.0,0.0,2001.0,40.0
24.0,88676.0,9.0,0.0,0.0,35.0
43.0,175669.0,10.0,0.0,0.0,40.0
18.0,210932.0,9.0,0.0,0.0,40.0
44.0,383493.0,9.0,0.0,0.0,60.0
54.0,389182.0,9.0,0.0,0.0,60.0
43.0,220609.0,10.0,0.0,0.0,50.0
41.0,421871.0,9.0,0.0,0.0,40.0
18.0,163787.0,10.0,0.0,0.0,15.0
47.0,195978.0,9.0,0.0,0.0,40.0
26.0,31208.0,14.0,0.0,0.0,40.0
17.0,239346.0,6.0,0.0,0.0,18.0
19.0,105289.0,6.0,0.0,0.0,20.0
25.0,38488.0,9.0,0.0,0.0,40.0
29.0,214881.0,9.0,0.0,0.0,40.0
35.0,379959.0,9.0,0.0,0.0,40.0
19.0,145989.0,10.0,0.0,0.0,45.0
47.0,380922.0,14.0,15024.0,0.0,50.0
21.0,161210.0,9.0,0.0,0.0,50.0
46.0,113390.0,14.0,0.0,1740.0,60.0
25.0,197036.0,10.0,0.0,0.0,50.0
50.0,140516.0,9.0,0.0,0.0,40.0
26.0,179010.0,10.0,0.0,0.0,65.0
34.0,156809.0,10.0,0.0,1504.0,60.0
40.0,199599.0,6.0,0.0,0.0,40.0
28.0,338376.0,13.0,0.0,0.0,40.0
66.0,157942.0,9.0,0.0,0.0,40.0
50.0,221336.0,10.0,0.0,0.0,40.0
36.0,146311.0,5.0,0.0,0.0,40.0
21.0,190805.0,9.0,0.0,0.0,32.0
28.0,37359.0,11.0,99999.0,0.0,50.0
38.0,33001.0,13.0,0.0,0.0,55.0
70.0,148065.0,10.0,0.0,0.0,4.0
38.0,98080.0,10.0,0.0,0.0,40.0
52.0,54933.0,14.0,0.0,0.0,40.0
22.0,123727.0,10.0,0.0,0.0,30.0
33.0,73296.0,9.0,1831.0,0.0,40.0
39.0,76417.0,14.0,0.0,0.0,40.0
47.0,104301.0,7.0,0.0,0.0,45.0
38.0,195686.0,10.0,0.0,0.0,40.0
73.0,139978.0,7.0,0.0,0.0,40.0
40.0,456110.0,7.0,0.0,0.0,52.0
32.0,249409.0,9.0,0.0,0.0,40.0
35.0,92440.0,8.0,0.0,0.0,50.0
32.0,270335.0,13.0,0.0,0.0,40.0
31.0,223212.0,9.0,0.0,0.0,40.0
20.0,191910.0,9.0,0.0,0.0,40.0
58.0,147653.0,10.0,0.0,0.0,32.0
56.0,109856.0,13.0,15024.0,0.0,50.0
35.0,37314.0,10.0,5013.0,0.0,40.0
22.0,175883.0,9.0,0.0,0.0,40.0
23.0,275818.0,10.0,0.0,1974.0,40.0
36.0,84848.0,9.0,0.0,0.0,16.0
50.0,310774.0,13.0,0.0,0.0,35.0
49.0,191277.0,10.0,15024.0,0.0,50.0
21.0,285522.0,10.0,0.0,0.0,40.0
42.0,341638.0,13.0,0.0,0.0,40.0
61.0,115023.0,11.0,0.0,1887.0,60.0
29.0,255949.0,13.0,0.0,0.0,40.0
46.0,125892.0,14.0,0.0,0.0,50.0
20.0,281743.0,10.0,0.0,0.0,50.0
64.0,86837.0,12.0,0.0,0.0,40.0
46.0,295791.0,9.0,0.0,0.0,30.0
34.0,212064.0,9.0,7443.0,0.0,35.0
52.0,195635.0,9.0,0.0,2051.0,38.0
23.0,295254.0,9.0,0.0,0.0,40.0
50.0,166368.0,9.0,0.0,0.0,40.0
28.0,129624.0,9.0,0.0,0.0,40.0
43.0,180985.0,13.0,0.0,0.0,35.0
22.0,215546.0,12.0,0.0,0.0,55.0
32.0,262092.0,13.0,7298.0,0.0,50.0
63.0,85420.0,10.0,5013.0,0.0,15.0
43.0,185670.0,2.0,0.0,0.0,21.0
23.0,204226.0,10.0,0.0,0.0,40.0
52.0,152234.0,9.0,99999.0,0.0,40.0
30.0,255279.0,9.0,0.0,0.0,20.0
81.0,129338.0,4.0,0.0,0.0,10.0
58.0,127539.0,6.0,2407.0,0.0,25.0
45.0,185797.0,10.0,3325.0,0.0,60.0
60.0,114263.0,13.0,0.0,0.0,40.0
21.0,202989.0,10.0,0.0,0.0,80.0
25.0,190418.0,10.0,0.0,0.0,30.0
32.0,137421.0,9.0,0.0,0.0,40.0
35.0,46028.0,12.0,0.0,0.0,50.0
34.0,167558.0,4.0,0.0,0.0,40.0
48.0,191277.0,16.0,0.0,1902.0,60.0
39.0,99270.0,13.0,0.0,0.0,50.0
52.0,225317.0,3.0,0.0,0.0,40.0
34.0,106169.0,14.0,0.0,0.0,50.0
32.0,175856.0,13.0,0.0,1902.0,40.0
25.0,212302.0,10.0,0.0,0.0,40.0
46.0,24367.0,6.0,0.0,0.0,99.0
25.0,95691.0,9.0,0.0,0.0,30.0
46.0,108699.0,10.0,0.0,0.0,60.0
40.0,168071.0,12.0,0.0,0.0,50.0
47.0,23545.0,10.0,0.0,0.0,40.0
47.0,185385.0,6.0,0.0,0.0,40.0
47.0,363418.0,10.0,0.0,0.0,70.0
69.0,107850.0,14.0,6514.0,0.0,40.0
51.0,133069.0,6.0,0.0,0.0,40.0
18.0,126071.0,9.0,0.0,0.0,40.0
44.0,198282.0,13.0,15024.0,0.0,60.0
31.0,164309.0,10.0,0.0,0.0,38.0
19.0,39756.0,10.0,0.0,0.0,15.0
17.0,311288.0,7.0,0.0,0.0,24.0
47.0,200808.0,7.0,0.0,0.0,35.0
35.0,434114.0,9.0,0.0,0.0,40.0
27.0,660870.0,13.0,0.0,0.0,60.0
33.0,175697.0,13.0,15024.0,0.0,60.0
47.0,195963.0,4.0,0.0,0.0,48.0
57.0,199713.0,9.0,0.0,0.0,55.0
36.0,171676.0,13.0,0.0,1741.0,40.0
22.0,274103.0,13.0,0.0,0.0,10.0
28.0,249571.0,9.0,0.0,0.0,40.0
30.0,339773.0,9.0,0.0,0.0,45.0
37.0,167415.0,15.0,0.0,0.0,60.0
57.0,201232.0,9.0,0.0,0.0,30.0
43.0,284403.0,12.0,0.0,0.0,60.0
23.0,197918.0,10.0,0.0,0.0,40.0
39.0,67433.0,11.0,4650.0,0.0,32.0
21.0,216181.0,10.0,0.0,0.0,35.0
69.0,88566.0,5.0,1424.0,0.0,35.0
17.0,183066.0,6.0,0.0,0.0,25.0
50.0,89737.0,10.0,0.0,0.0,48.0
23.0,336010.0,13.0,0.0,0.0,32.0
30.0,108386.0,11.0,0.0,0.0,40.0
17.0,191910.0,6.0,0.0,0.0,25.0
38.0,54816.0,11.0,0.0,0.0,40.0
47.0,151087.0,9.0,0.0,0.0,40.0
46.0,188325.0,10.0,0.0,0.0,50.0
34.0,120461.0,9.0,0.0,0.0,40.0
32.0,341672.0,13.0,2174.0,0.0,45.0
53.0,123011.0,14.0,0.0,0.0,45.0
29.0,59932.0,13.0,0.0,0.0,40.0
36.0,32086.0,10.0,7298.0,0.0,40.0
71.0,235079.0,1.0,0.0,0.0,10.0
23.0,35633.0,10.0,0.0,0.0,40.0
36.0,101460.0,9.0,0.0,0.0,18.0
36.0,97136.0,13.0,0.0,0.0,40.0
54.0,39493.0,11.0,0.0,0.0,20.0
32.0,64658.0,9.0,0.0,0.0,40.0
30.0,169002.0,13.0,0.0,0.0,40.0
39.0,323385.0,10.0,0.0,0.0,70.0
20.0,194504.0,10.0,0.0,0.0,40.0
29.0,33798.0,9.0,0.0,0.0,45.0
31.0,377374.0,10.0,0.0,0.0,40.0
40.0,225823.0,10.0,0.0,0.0,60.0
19.0,184737.0,9.0,0.0,1721.0,40.0
63.0,116993.0,9.0,0.0,0.0,40.0
24.0,308673.0,9.0,0.0,0.0,30.0
50.0,197054.0,15.0,0.0,0.0,50.0
36.0,252231.0,1.0,0.0,0.0,40.0
33.0,37232.0,10.0,0.0,0.0,80.0
49.0,380922.0,14.0,15024.0,0.0,80.0
34.0,185216.0,10.0,0.0,0.0,40.0
57.0,217692.0,9.0,0.0,0.0,38.0
31.0,109055.0,9.0,3137.0,0.0,45.0
39.0,32146.0,14.0,0.0,0.0,60.0
47.0,182655.0,11.0,0.0,0.0,52.0
54.0,288825.0,9.0,0.0,0.0,40.0
39.0,76417.0,9.0,0.0,0.0,40.0
27.0,335421.0,14.0,0.0,0.0,40.0
42.0,208068.0,13.0,7298.0,0.0,40.0
50.0,274528.0,9.0,0.0,0.0,40.0
44.0,171424.0,13.0,0.0,0.0,40.0
51.0,147876.0,10.0,0.0,0.0,40.0
51.0,136322.0,9.0,0.0,1579.0,40.0
20.0,107658.0,10.0,0.0,0.0,10.0
22.0,81145.0,9.0,0.0,0.0,40.0
36.0,199346.0,14.0,0.0,0.0,50.0
45.0,111381.0,10.0,0.0,0.0,65.0
29.0,349116.0,9.0,0.0,0.0,25.0
45.0,181964.0,10.0,0.0,1887.0,47.0
50.0,297551.0,9.0,0.0,0.0,52.0
19.0,307496.0,10.0,0.0,0.0,23.0
55.0,90414.0,13.0,0.0,0.0,55.0
61.0,90051.0,4.0,3456.0,0.0,44.0
25.0,352806.0,9.0,0.0,0.0,40.0
23.0,289116.0,9.0,0.0,0.0,50.0
65.0,143732.0,9.0,0.0,0.0,40.0
28.0,190525.0,13.0,0.0,0.0,50.0
70.0,31540.0,9.0,0.0,0.0,20.0
38.0,237943.0,15.0,0.0,0.0,50.0
17.0,292285.0,7.0,0.0,0.0,25.0
52.0,82285.0,13.0,0.0,0.0,40.0
42.0,118494.0,10.0,0.0,0.0,44.0
23.0,215624.0,10.0,0.0,0.0,40.0
46.0,128460.0,6.0,0.0,0.0,40.0
34.0,180871.0,13.0,0.0,0.0,55.0
38.0,338320.0,13.0,0.0,0.0,40.0
36.0,213008.0,12.0,0.0,0.0,40.0
47.0,131160.0,13.0,99999.0,0.0,40.0
31.0,34572.0,13.0,0.0,0.0,55.0
25.0,98155.0,10.0,0.0,0.0,40.0
36.0,48160.0,13.0,0.0,0.0,40.0
26.0,34309.0,11.0,0.0,0.0,45.0
79.0,124744.0,10.0,0.0,0.0,20.0
35.0,96824.0,10.0,0.0,0.0,40.0
23.0,329174.0,10.0,0.0,0.0,40.0
22.0,72310.0,7.0,0.0,0.0,65.0
28.0,106721.0,14.0,0.0,0.0,40.0
37.0,353298.0,9.0,99999.0,0.0,50.0
46.0,207076.0,14.0,0.0,0.0,60.0
28.0,355259.0,14.0,0.0,0.0,40.0
44.0,209174.0,13.0,0.0,0.0,70.0
54.0,91882.0,9.0,0.0,0.0,43.0
79.0,97082.0,8.0,18481.0,0.0,45.0
53.0,55139.0,9.0,0.0,0.0,10.0
29.0,273051.0,13.0,0.0,0.0,52.0
41.0,190786.0,13.0,0.0,0.0,20.0
62.0,200916.0,13.0,0.0,0.0,40.0
31.0,139455.0,13.0,0.0,0.0,40.0
28.0,19522.0,10.0,0.0,0.0,40.0
52.0,187356.0,6.0,0.0,0.0,41.0
58.0,222247.0,6.0,0.0,1887.0,40.0
39.0,33886.0,9.0,0.0,0.0,60.0
32.0,117369.0,9.0,0.0,0.0,48.0
49.0,192776.0,14.0,0.0,1977.0,45.0
51.0,332489.0,12.0,0.0,0.0,55.0
25.0,242700.0,10.0,10520.0,0.0,50.0
33.0,269605.0,9.0,0.0,0.0,32.0
24.0,243190.0,12.0,8614.0,0.0,40.0
22.0,237498.0,9.0,0.0,0.0,40.0
70.0,170428.0,13.0,0.0,0.0,20.0
27.0,155382.0,10.0,0.0,0.0,25.0
26.0,130931.0,9.0,0.0,0.0,40.0
39.0,156261.0,10.0,0.0,0.0,38.0
22.0,318915.0,9.0,0.0,0.0,40.0
22.0,324637.0,10.0,0.0,0.0,42.0
56.0,42298.0,5.0,0.0,0.0,40.0
34.0,353881.0,9.0,0.0,0.0,60.0
44.0,274363.0,9.0,0.0,0.0,50.0
48.0,192755.0,13.0,0.0,0.0,55.0
26.0,273399.0,10.0,0.0,0.0,40.0
18.0,175752.0,9.0,0.0,0.0,30.0
55.0,186791.0,9.0,0.0,0.0,40.0
43.0,203554.0,13.0,0.0,1902.0,50.0
29.0,81648.0,9.0,0.0,1887.0,55.0
45.0,82797.0,13.0,0.0,0.0,45.0
59.0,199240.0,9.0,0.0,0.0,20.0
35.0,102268.0,8.0,0.0,0.0,40.0
27.0,32452.0,14.0,0.0,0.0,20.0
30.0,107142.0,13.0,0.0,0.0,37.0
39.0,203070.0,9.0,0.0,0.0,40.0
31.0,87891.0,12.0,0.0,0.0,60.0
20.0,126038.0,10.0,0.0,0.0,20.0
42.0,339346.0,14.0,0.0,0.0,25.0
29.0,145490.0,7.0,0.0,0.0,40.0
28.0,109857.0,11.0,0.0,0.0,40.0
34.0,127651.0,14.0,0.0,0.0,55.0
38.0,87282.0,11.0,0.0,0.0,40.0
66.0,140849.0,9.0,0.0,0.0,25.0
38.0,223242.0,10.0,0.0,0.0,40.0
22.0,228516.0,9.0,0.0,0.0,40.0
33.0,394727.0,6.0,0.0,0.0,40.0
39.0,85783.0,13.0,0.0,0.0,28.0
28.0,215014.0,9.0,0.0,0.0,50.0
37.0,126569.0,9.0,0.0,0.0,40.0
48.0,240629.0,9.0,0.0,0.0,40.0
34.0,128016.0,14.0,2202.0,0.0,40.0
48.0,280422.0,10.0,0.0,0.0,25.0
53.0,186224.0,11.0,0.0,0.0,35.0
34.0,182691.0,9.0,0.0,0.0,44.0
19.0,220101.0,10.0,0.0,0.0,40.0
46.0,149337.0,14.0,0.0,0.0,38.0
32.0,80058.0,7.0,0.0,0.0,43.0
20.0,162945.0,10.0,0.0,0.0,40.0
25.0,49092.0,13.0,0.0,0.0,40.0
51.0,254211.0,14.0,0.0,0.0,50.0
39.0,548510.0,13.0,0.0,0.0,30.0
33.0,207267.0,6.0,3418.0,0.0,35.0
17.0,138507.0,6.0,0.0,0.0,12.0
56.0,41100.0,14.0,0.0,0.0,40.0
65.0,221026.0,9.0,0.0,0.0,20.0
33.0,107142.0,8.0,0.0,0.0,40.0
17.0,151141.0,8.0,0.0,0.0,20.0
46.0,52291.0,13.0,7688.0,0.0,45.0
65.0,187493.0,14.0,20051.0,0.0,40.0
41.0,204046.0,9.0,0.0,0.0,40.0
20.0,174714.0,9.0,0.0,0.0,40.0
22.0,200973.0,12.0,0.0,0.0,12.0
19.0,440417.0,10.0,0.0,0.0,15.0
42.0,218948.0,16.0,0.0,0.0,36.0
28.0,110164.0,10.0,0.0,0.0,24.0
20.0,201766.0,10.0,0.0,0.0,35.0
35.0,180647.0,10.0,0.0,0.0,40.0
34.0,58305.0,9.0,0.0,1573.0,40.0
22.0,216181.0,7.0,0.0,0.0,45.0
38.0,300975.0,14.0,0.0,1485.0,40.0
25.0,334267.0,9.0,0.0,0.0,45.0
34.0,177331.0,10.0,4386.0,0.0,40.0
40.0,43711.0,9.0,0.0,0.0,45.0
31.0,181485.0,13.0,0.0,0.0,40.0
25.0,211097.0,3.0,0.0,0.0,20.0
20.0,291979.0,9.0,0.0,0.0,40.0
77.0,88545.0,10.0,0.0,0.0,8.0
29.0,337505.0,10.0,0.0,0.0,40.0
51.0,222883.0,13.0,0.0,0.0,55.0
36.0,148581.0,9.0,0.0,0.0,55.0
42.0,190767.0,11.0,0.0,0.0,40.0
35.0,475324.0,13.0,0.0,0.0,45.0
42.0,445382.0,13.0,0.0,0.0,45.0
61.0,128848.0,9.0,3471.0,0.0,40.0
45.0,35969.0,14.0,0.0,0.0,60.0
30.0,134737.0,10.0,0.0,0.0,45.0
38.0,233571.0,9.0,0.0,0.0,40.0
33.0,256062.0,10.0,0.0,0.0,35.0
67.0,256821.0,9.0,0.0,0.0,20.0
40.0,385266.0,10.0,0.0,0.0,40.0
43.0,95902.0,12.0,0.0,0.0,40.0
43.0,155293.0,13.0,0.0,0.0,60.0
32.0,158002.0,10.0,0.0,0.0,55.0
23.0,197997.0,9.0,0.0,0.0,30.0
49.0,390746.0,13.0,0.0,1672.0,45.0
63.0,124242.0,9.0,0.0,0.0,40.0
36.0,167482.0,10.0,0.0,0.0,40.0
50.0,165001.0,13.0,0.0,0.0,50.0
46.0,142222.0,10.0,1151.0,0.0,60.0
30.0,79190.0,14.0,0.0,0.0,40.0
22.0,216867.0,3.0,0.0,0.0,48.0
36.0,268292.0,9.0,0.0,0.0,41.0
48.0,349230.0,14.0,0.0,0.0,40.0
42.0,270721.0,13.0,0.0,0.0,32.0
23.0,224954.0,10.0,0.0,0.0,25.0
72.0,203523.0,15.0,0.0,0.0,10.0
51.0,123325.0,15.0,0.0,0.0,40.0
61.0,96660.0,10.0,15024.0,0.0,34.0
62.0,97950.0,13.0,0.0,0.0,6.0
35.0,38948.0,10.0,0.0,0.0,40.0
24.0,280134.0,6.0,0.0,0.0,49.0
41.0,190786.0,11.0,7298.0,0.0,40.0
39.0,52645.0,10.0,0.0,0.0,40.0
20.0,161092.0,10.0,0.0,0.0,14.0
35.0,188069.0,14.0,13550.0,0.0,55.0
47.0,146786.0,11.0,0.0,0.0,40.0
32.0,121634.0,6.0,0.0,0.0,40.0
67.0,107138.0,10.0,0.0,0.0,40.0
52.0,145333.0,13.0,0.0,0.0,60.0
60.0,259803.0,13.0,0.0,0.0,45.0
31.0,323985.0,9.0,0.0,0.0,40.0
41.0,116391.0,10.0,0.0,0.0,40.0
42.0,103980.0,11.0,0.0,0.0,50.0
61.0,192060.0,13.0,0.0,0.0,30.0
33.0,104509.0,10.0,0.0,0.0,40.0
52.0,266529.0,10.0,0.0,0.0,45.0
46.0,116143.0,13.0,0.0,0.0,40.0
32.0,215047.0,4.0,0.0,0.0,40.0
30.0,98733.0,10.0,0.0,0.0,20.0
68.0,116993.0,15.0,0.0,0.0,60.0
49.0,174702.0,10.0,0.0,0.0,35.0
30.0,314649.0,9.0,0.0,0.0,40.0
36.0,176289.0,16.0,0.0,0.0,40.0
47.0,45564.0,10.0,0.0,0.0,40.0
23.0,93977.0,9.0,0.0,0.0,40.0
23.0,255252.0,9.0,0.0,0.0,40.0
32.0,280077.0,9.0,0.0,0.0,60.0
42.0,119941.0,9.0,0.0,0.0,40.0
24.0,283613.0,13.0,0.0,0.0,43.0
29.0,133696.0,13.0,8614.0,0.0,45.0
40.0,34739.0,10.0,0.0,0.0,36.0
33.0,311194.0,7.0,0.0,0.0,17.0
27.0,190330.0,11.0,0.0,0.0,40.0
26.0,93806.0,10.0,0.0,0.0,25.0
42.0,150568.0,10.0,0.0,0.0,45.0
44.0,32185.0,9.0,0.0,0.0,70.0
47.0,193047.0,16.0,99999.0,0.0,50.0
22.0,57216.0,10.0,0.0,0.0,20.0
48.0,127675.0,14.0,0.0,0.0,44.0
49.0,149809.0,1.0,0.0,0.0,40.0
51.0,246820.0,9.0,7298.0,0.0,48.0
48.0,216093.0,13.0,0.0,0.0,40.0
55.0,82098.0,9.0,0.0,0.0,55.0
56.0,659558.0,8.0,0.0,0.0,40.0
58.0,301568.0,5.0,0.0,0.0,40.0
18.0,387641.0,10.0,0.0,0.0,40.0
73.0,242769.0,9.0,3471.0,0.0,40.0
58.0,34169.0,10.0,3103.0,0.0,25.0
67.0,118363.0,13.0,0.0,2206.0,5.0
56.0,160829.0,9.0,0.0,0.0,46.0
41.0,179580.0,10.0,0.0,0.0,36.0
52.0,201783.0,10.0,7688.0,0.0,40.0
68.0,52052.0,11.0,25124.0,0.0,50.0
49.0,122066.0,3.0,0.0,2603.0,40.0
47.0,182474.0,9.0,0.0,0.0,36.0
52.0,298215.0,13.0,0.0,0.0,50.0
31.0,136402.0,12.0,0.0,0.0,40.0
23.0,172232.0,10.0,0.0,0.0,40.0
23.0,232512.0,9.0,0.0,0.0,40.0
66.0,179951.0,13.0,0.0,0.0,70.0
31.0,373903.0,13.0,0.0,0.0,40.0
31.0,109917.0,4.0,0.0,0.0,40.0
43.0,125831.0,13.0,99999.0,0.0,60.0
26.0,132749.0,13.0,0.0,0.0,80.0
45.0,22610.0,10.0,0.0,0.0,40.0
58.0,33350.0,9.0,0.0,0.0,35.0
31.0,182539.0,10.0,0.0,0.0,45.0
39.0,270557.0,14.0,0.0,0.0,50.0
24.0,135267.0,10.0,0.0,0.0,40.0
28.0,190525.0,13.0,0.0,0.0,46.0
29.0,247053.0,9.0,0.0,0.0,40.0
38.0,34173.0,13.0,0.0,0.0,45.0
27.0,211184.0,9.0,0.0,0.0,52.0
30.0,391114.0,9.0,0.0,0.0,60.0
47.0,31141.0,14.0,0.0,0.0,40.0
24.0,267843.0,13.0,0.0,0.0,35.0
37.0,265144.0,13.0,0.0,0.0,50.0
50.0,299831.0,10.0,0.0,880.0,40.0
24.0,214399.0,13.0,0.0,0.0,55.0
33.0,163003.0,9.0,0.0,0.0,41.0
23.0,136075.0,13.0,0.0,0.0,32.0
24.0,216181.0,11.0,0.0,0.0,40.0
19.0,84250.0,10.0,0.0,0.0,15.0
18.0,101173.0,9.0,0.0,0.0,35.0
25.0,393456.0,9.0,0.0,0.0,40.0
64.0,108054.0,9.0,0.0,0.0,22.0
25.0,222539.0,6.0,2597.0,0.0,50.0
20.0,235442.0,10.0,0.0,0.0,35.0
20.0,369907.0,10.0,0.0,0.0,20.0
40.0,111336.0,9.0,0.0,0.0,28.0
23.0,53245.0,13.0,0.0,1602.0,12.0
52.0,189216.0,9.0,0.0,0.0,65.0
32.0,167049.0,8.0,0.0,0.0,40.0
66.0,28061.0,4.0,0.0,0.0,50.0
33.0,207201.0,9.0,0.0,0.0,55.0
17.0,94492.0,7.0,0.0,0.0,19.0
40.0,99185.0,12.0,0.0,0.0,40.0
48.0,136455.0,10.0,0.0,0.0,60.0
69.0,200560.0,13.0,0.0,0.0,20.0
30.0,303867.0,9.0,0.0,0.0,44.0
26.0,427744.0,9.0,0.0,0.0,40.0
22.0,97508.0,9.0,0.0,0.0,50.0
28.0,55191.0,12.0,0.0,0.0,45.0
60.0,48788.0,13.0,5455.0,0.0,55.0
33.0,155343.0,10.0,0.0,0.0,72.0
28.0,188171.0,12.0,0.0,0.0,60.0
37.0,262278.0,11.0,15024.0,0.0,45.0
70.0,205860.0,14.0,0.0,0.0,40.0
18.0,348131.0,7.0,0.0,0.0,20.0
34.0,29235.0,12.0,0.0,0.0,40.0
41.0,197069.0,10.0,4650.0,0.0,40.0
22.0,228394.0,9.0,0.0,0.0,50.0
31.0,178623.0,13.0,14084.0,0.0,60.0
34.0,356882.0,9.0,0.0,0.0,40.0
29.0,490332.0,10.0,0.0,0.0,45.0
19.0,426589.0,9.0,0.0,0.0,15.0
58.0,49159.0,9.0,0.0,0.0,40.0
58.0,145574.0,7.0,0.0,0.0,40.0
29.0,142555.0,14.0,0.0,0.0,42.0
39.0,205359.0,12.0,0.0,0.0,45.0
31.0,108322.0,10.0,0.0,0.0,28.0
39.0,29874.0,9.0,0.0,0.0,54.0
37.0,133328.0,9.0,0.0,0.0,40.0
52.0,114758.0,13.0,15024.0,0.0,50.0
18.0,36064.0,8.0,0.0,0.0,20.0
42.0,215219.0,7.0,0.0,0.0,30.0
37.0,115806.0,9.0,0.0,0.0,60.0
49.0,219718.0,13.0,15024.0,0.0,40.0
40.0,216116.0,5.0,0.0,0.0,40.0
33.0,158416.0,9.0,0.0,0.0,40.0
19.0,369164.0,9.0,0.0,0.0,40.0
18.0,295607.0,6.0,0.0,0.0,40.0
28.0,288731.0,13.0,0.0,0.0,20.0
59.0,167027.0,10.0,0.0,0.0,40.0
25.0,191230.0,10.0,0.0,0.0,40.0
50.0,159219.0,13.0,0.0,0.0,40.0
32.0,340580.0,9.0,0.0,0.0,45.0
38.0,153685.0,7.0,0.0,0.0,52.0
31.0,128016.0,13.0,0.0,0.0,40.0
63.0,29859.0,4.0,7688.0,0.0,60.0
31.0,162442.0,13.0,0.0,0.0,40.0
20.0,177787.0,10.0,0.0,0.0,20.0
52.0,135716.0,9.0,0.0,0.0,70.0
62.0,181782.0,9.0,0.0,0.0,15.0
50.0,98215.0,9.0,0.0,0.0,40.0
29.0,193932.0,9.0,0.0,0.0,40.0
39.0,214816.0,13.0,0.0,0.0,60.0
18.0,469921.0,10.0,0.0,0.0,40.0
49.0,226871.0,9.0,0.0,0.0,40.0
34.0,178615.0,9.0,0.0,0.0,40.0
22.0,270436.0,9.0,0.0,0.0,40.0
33.0,156464.0,9.0,0.0,0.0,40.0
21.0,132053.0,10.0,0.0,1721.0,35.0
44.0,569761.0,11.0,0.0,0.0,40.0
47.0,162741.0,12.0,15024.0,0.0,40.0
21.0,207923.0,10.0,0.0,0.0,15.0
61.0,226297.0,13.0,0.0,0.0,40.0
45.0,281574.0,10.0,6849.0,0.0,43.0
47.0,239321.0,13.0,0.0,0.0,40.0
30.0,247328.0,11.0,0.0,0.0,40.0
67.0,176835.0,10.0,0.0,0.0,40.0
36.0,193855.0,9.0,0.0,0.0,40.0
31.0,308540.0,10.0,0.0,0.0,40.0
68.0,274096.0,6.0,0.0,0.0,20.0
61.0,167284.0,4.0,0.0,0.0,40.0
27.0,104017.0,10.0,0.0,1902.0,30.0
57.0,192869.0,9.0,0.0,0.0,72.0
53.0,77927.0,3.0,0.0,0.0,50.0
81.0,184762.0,10.0,0.0,0.0,25.0
28.0,158737.0,8.0,0.0,0.0,40.0
51.0,49017.0,9.0,0.0,0.0,24.0
62.0,176965.0,4.0,0.0,0.0,40.0
67.0,150516.0,4.0,0.0,0.0,24.0
30.0,183017.0,9.0,0.0,0.0,40.0
18.0,98044.0,7.0,0.0,0.0,40.0
40.0,21189.0,13.0,0.0,0.0,32.0
40.0,256202.0,11.0,0.0,0.0,40.0
34.0,209297.0,9.0,0.0,2001.0,40.0
20.0,47541.0,10.0,0.0,0.0,30.0
30.0,29522.0,10.0,0.0,0.0,40.0
30.0,260782.0,9.0,0.0,0.0,40.0
57.0,99364.0,5.0,0.0,0.0,40.0
47.0,125120.0,13.0,0.0,0.0,50.0
30.0,164309.0,9.0,0.0,0.0,35.0
46.0,171228.0,9.0,3411.0,0.0,35.0
36.0,152621.0,10.0,0.0,0.0,40.0
30.0,175856.0,14.0,0.0,0.0,38.0
34.0,33117.0,9.0,0.0,0.0,40.0
53.0,231865.0,8.0,0.0,0.0,40.0
46.0,366089.0,15.0,15024.0,0.0,40.0
59.0,198435.0,9.0,0.0,0.0,50.0
43.0,253759.0,9.0,0.0,0.0,45.0
50.0,195784.0,8.0,0.0,0.0,40.0
34.0,220362.0,13.0,0.0,0.0,40.0
36.0,220696.0,9.0,0.0,0.0,40.0
56.0,193818.0,5.0,0.0,0.0,40.0
65.0,90377.0,11.0,6767.0,0.0,60.0
42.0,184682.0,12.0,0.0,0.0,40.0
26.0,192213.0,14.0,0.0,0.0,40.0
69.0,144056.0,10.0,0.0,0.0,40.0
42.0,96524.0,13.0,0.0,0.0,40.0
27.0,156266.0,9.0,0.0,0.0,20.0
29.0,59732.0,9.0,0.0,0.0,40.0
30.0,258170.0,9.0,0.0,0.0,40.0
37.0,218249.0,7.0,0.0,0.0,30.0
35.0,198341.0,13.0,0.0,0.0,40.0
18.0,342852.0,9.0,0.0,0.0,40.0
29.0,115677.0,7.0,0.0,0.0,42.0
46.0,90042.0,10.0,0.0,0.0,40.0
40.0,126868.0,9.0,0.0,0.0,40.0
43.0,193459.0,7.0,0.0,0.0,40.0
44.0,37618.0,9.0,0.0,0.0,40.0
62.0,139391.0,4.0,0.0,0.0,40.0
20.0,143964.0,9.0,0.0,0.0,40.0
42.0,154374.0,13.0,0.0,0.0,40.0
31.0,190401.0,14.0,0.0,0.0,40.0
44.0,109912.0,13.0,0.0,0.0,16.0
32.0,164519.0,13.0,0.0,0.0,55.0
19.0,225775.0,10.0,0.0,0.0,45.0
19.0,169324.0,10.0,0.0,0.0,10.0
37.0,191137.0,12.0,0.0,0.0,25.0
23.0,195767.0,9.0,0.0,0.0,40.0
60.0,227468.0,10.0,0.0,0.0,40.0
28.0,144833.0,10.0,0.0,0.0,40.0
34.0,56026.0,9.0,0.0,0.0,60.0
42.0,113461.0,9.0,0.0,0.0,40.0
41.0,211873.0,11.0,0.0,1628.0,5.0
34.0,381153.0,9.0,0.0,0.0,40.0
36.0,300373.0,6.0,0.0,0.0,40.0
29.0,383745.0,10.0,0.0,1485.0,40.0
27.0,202239.0,9.0,0.0,0.0,40.0
23.0,234663.0,9.0,0.0,0.0,40.0
50.0,24139.0,14.0,0.0,0.0,65.0
45.0,235431.0,9.0,0.0,0.0,40.0
25.0,178478.0,13.0,0.0,0.0,40.0
23.0,259301.0,9.0,0.0,0.0,40.0
36.0,210458.0,9.0,0.0,0.0,60.0
34.0,434463.0,13.0,0.0,0.0,39.0
42.0,67243.0,2.0,0.0,0.0,55.0
34.0,214288.0,9.0,0.0,0.0,40.0
27.0,108574.0,9.0,0.0,0.0,40.0
33.0,43959.0,14.0,7688.0,0.0,50.0
30.0,202450.0,9.0,0.0,0.0,40.0
25.0,58441.0,13.0,0.0,0.0,40.0
18.0,298860.0,8.0,0.0,0.0,20.0
46.0,188325.0,9.0,0.0,0.0,40.0
30.0,152453.0,7.0,0.0,0.0,40.0
34.0,186824.0,13.0,0.0,0.0,40.0
28.0,248404.0,10.0,0.0,0.0,60.0
28.0,87239.0,9.0,0.0,0.0,50.0
51.0,43705.0,14.0,0.0,0.0,54.0
47.0,98012.0,14.0,7688.0,0.0,40.0
54.0,146834.0,10.0,0.0,0.0,40.0
24.0,154165.0,5.0,0.0,0.0,40.0
54.0,335177.0,9.0,0.0,0.0,45.0
46.0,209057.0,14.0,0.0,0.0,50.0
36.0,187411.0,14.0,0.0,0.0,50.0
38.0,245090.0,5.0,0.0,0.0,40.0
49.0,199763.0,10.0,0.0,0.0,35.0
28.0,308493.0,9.0,0.0,0.0,17.0
32.0,174215.0,10.0,0.0,0.0,40.0
34.0,43959.0,9.0,0.0,0.0,50.0
37.0,105813.0,11.0,7298.0,0.0,40.0
26.0,18827.0,10.0,0.0,0.0,40.0
35.0,188243.0,9.0,0.0,0.0,48.0
25.0,207258.0,5.0,0.0,0.0,40.0
43.0,176138.0,13.0,0.0,0.0,50.0
46.0,280030.0,3.0,0.0,0.0,40.0
51.0,204447.0,10.0,0.0,0.0,45.0
20.0,174461.0,9.0,0.0,0.0,5.0
52.0,123011.0,15.0,0.0,0.0,50.0
36.0,188236.0,9.0,0.0,0.0,40.0
32.0,291414.0,16.0,0.0,0.0,35.0
38.0,230329.0,9.0,0.0,0.0,48.0
33.0,150657.0,13.0,0.0,0.0,40.0
46.0,149640.0,13.0,0.0,0.0,45.0
43.0,175133.0,10.0,0.0,0.0,35.0
39.0,145933.0,13.0,15024.0,0.0,55.0
48.0,278039.0,9.0,0.0,0.0,60.0
21.0,176486.0,10.0,0.0,0.0,30.0
36.0,168055.0,13.0,5178.0,0.0,40.0
63.0,67903.0,5.0,0.0,0.0,40.0
39.0,242922.0,9.0,0.0,0.0,35.0
36.0,111128.0,13.0,0.0,0.0,48.0
34.0,303867.0,5.0,0.0,0.0,40.0
58.0,98361.0,9.0,0.0,0.0,50.0
36.0,526968.0,6.0,0.0,0.0,40.0
50.0,93690.0,9.0,0.0,0.0,40.0
55.0,125000.0,15.0,0.0,0.0,60.0
27.0,210765.0,11.0,0.0,0.0,40.0
35.0,62333.0,13.0,0.0,0.0,40.0
35.0,115214.0,9.0,6497.0,0.0,65.0
20.0,33551.0,9.0,0.0,0.0,40.0
18.0,183274.0,7.0,594.0,0.0,30.0
44.0,127482.0,10.0,7688.0,0.0,40.0
30.0,229051.0,5.0,0.0,0.0,37.0
45.0,195554.0,9.0,0.0,0.0,45.0
46.0,162852.0,9.0,0.0,0.0,40.0
36.0,162256.0,9.0,0.0,0.0,40.0
26.0,288781.0,13.0,0.0,0.0,42.0
44.0,232421.0,9.0,0.0,0.0,32.0
40.0,374367.0,11.0,0.0,0.0,44.0
47.0,265097.0,9.0,4386.0,0.0,40.0
35.0,65706.0,9.0,0.0,0.0,40.0
62.0,210142.0,11.0,0.0,0.0,50.0
21.0,107801.0,10.0,0.0,0.0,3.0
45.0,44671.0,10.0,0.0,0.0,40.0
30.0,175413.0,9.0,0.0,0.0,35.0
55.0,178282.0,9.0,0.0,0.0,40.0
49.0,72619.0,10.0,0.0,0.0,50.0
28.0,451742.0,9.0,0.0,0.0,40.0
44.0,320984.0,10.0,5178.0,0.0,60.0
26.0,192022.0,13.0,0.0,0.0,40.0
37.0,208358.0,9.0,0.0,0.0,40.0
24.0,186495.0,9.0,0.0,0.0,32.0
41.0,227890.0,10.0,0.0,0.0,46.0
31.0,182896.0,9.0,0.0,0.0,40.0
42.0,293791.0,13.0,0.0,0.0,50.0
27.0,191129.0,10.0,0.0,0.0,40.0
40.0,146906.0,14.0,0.0,0.0,50.0
23.0,175266.0,10.0,0.0,0.0,40.0
52.0,42984.0,15.0,0.0,0.0,70.0
48.0,50459.0,9.0,0.0,0.0,40.0
29.0,48895.0,9.0,0.0,0.0,50.0
57.0,157271.0,7.0,0.0,0.0,54.0
30.0,92531.0,13.0,0.0,0.0,40.0
43.0,273230.0,10.0,0.0,0.0,50.0
57.0,74156.0,9.0,0.0,0.0,30.0
27.0,198346.0,13.0,0.0,0.0,35.0
23.0,177287.0,10.0,0.0,0.0,40.0
49.0,239625.0,14.0,0.0,0.0,40.0
31.0,235389.0,4.0,0.0,0.0,30.0
35.0,216035.0,9.0,0.0,0.0,40.0
32.0,164243.0,9.0,0.0,0.0,60.0
51.0,156877.0,5.0,0.0,0.0,60.0
59.0,105592.0,10.0,0.0,0.0,12.0
26.0,272986.0,12.0,0.0,0.0,8.0
33.0,251117.0,3.0,0.0,0.0,40.0
36.0,549174.0,9.0,0.0,0.0,40.0
37.0,143774.0,13.0,0.0,0.0,40.0
39.0,65027.0,10.0,0.0,0.0,43.0
38.0,189092.0,11.0,0.0,0.0,43.0
31.0,120461.0,10.0,0.0,0.0,40.0
28.0,119793.0,11.0,10520.0,0.0,50.0
28.0,175343.0,13.0,0.0,0.0,40.0
30.0,60426.0,9.0,0.0,0.0,40.0
57.0,231232.0,4.0,0.0,0.0,40.0
33.0,174789.0,10.0,0.0,0.0,50.0
45.0,273194.0,9.0,3325.0,0.0,40.0
50.0,145409.0,9.0,0.0,0.0,50.0
31.0,298871.0,16.0,0.0,0.0,40.0
38.0,283293.0,9.0,0.0,0.0,40.0
45.0,347025.0,4.0,0.0,0.0,21.0
25.0,242729.0,13.0,0.0,0.0,20.0
20.0,83141.0,9.0,0.0,0.0,40.0
41.0,210922.0,10.0,0.0,0.0,55.0
41.0,291831.0,14.0,0.0,0.0,35.0
54.0,346014.0,10.0,0.0,0.0,40.0
45.0,92374.0,10.0,13550.0,0.0,60.0
28.0,271012.0,9.0,0.0,0.0,40.0
45.0,46406.0,14.0,0.0,0.0,36.0
53.0,157947.0,9.0,0.0,0.0,40.0
37.0,189922.0,12.0,0.0,0.0,50.0
23.0,318483.0,9.0,0.0,0.0,40.0
28.0,60772.0,13.0,0.0,0.0,45.0
17.0,32763.0,6.0,0.0,0.0,15.0
49.0,349151.0,9.0,3411.0,0.0,40.0
57.0,152030.0,10.0,0.0,0.0,25.0
23.0,156513.0,9.0,0.0,0.0,40.0
34.0,101345.0,13.0,0.0,0.0,40.0
23.0,519627.0,9.0,0.0,0.0,25.0
63.0,174817.0,9.0,0.0,0.0,32.0
21.0,213015.0,9.0,2176.0,0.0,40.0
49.0,136455.0,13.0,0.0,0.0,45.0
58.0,217802.0,14.0,7688.0,0.0,45.0
32.0,204470.0,10.0,0.0,0.0,99.0
44.0,112494.0,10.0,0.0,0.0,40.0
52.0,198186.0,6.0,0.0,0.0,40.0
26.0,182332.0,11.0,0.0,0.0,40.0
33.0,213226.0,9.0,0.0,0.0,60.0
46.0,202560.0,9.0,0.0,0.0,40.0
27.0,93021.0,9.0,0.0,0.0,40.0
47.0,142287.0,13.0,0.0,0.0,35.0
36.0,229533.0,9.0,0.0,0.0,40.0
26.0,90980.0,11.0,0.0,0.0,55.0
50.0,92486.0,10.0,0.0,0.0,40.0
51.0,220537.0,9.0,0.0,0.0,40.0
65.0,194920.0,9.0,0.0,0.0,10.0
45.0,206459.0,10.0,0.0,0.0,40.0
35.0,196178.0,9.0,0.0,0.0,40.0
36.0,245521.0,4.0,0.0,0.0,35.0
57.0,27459.0,9.0,0.0,0.0,40.0
28.0,64940.0,10.0,0.0,0.0,30.0
25.0,109080.0,10.0,0.0,0.0,55.0
58.0,177368.0,9.0,0.0,0.0,40.0
35.0,56352.0,11.0,0.0,0.0,40.0
19.0,149823.0,10.0,0.0,0.0,20.0
34.0,149368.0,15.0,0.0,0.0,40.0
50.0,92811.0,13.0,0.0,0.0,40.0
20.0,188950.0,10.0,0.0,0.0,25.0
42.0,33126.0,12.0,0.0,0.0,60.0
39.0,100669.0,10.0,0.0,0.0,40.0
22.0,136767.0,9.0,0.0,0.0,30.0
29.0,107458.0,13.0,0.0,0.0,50.0
46.0,184169.0,14.0,7688.0,0.0,35.0
28.0,195607.0,9.0,0.0,0.0,40.0
23.0,176486.0,11.0,0.0,0.0,36.0
75.0,254167.0,6.0,0.0,0.0,60.0
23.0,355856.0,13.0,0.0,0.0,20.0
51.0,180195.0,9.0,0.0,0.0,50.0
29.0,259226.0,7.0,0.0,0.0,48.0
80.0,30680.0,4.0,0.0,0.0,35.0
61.0,192085.0,9.0,0.0,0.0,15.0
36.0,162029.0,9.0,3325.0,0.0,40.0
26.0,253899.0,13.0,0.0,0.0,40.0
44.0,262684.0,9.0,0.0,1504.0,45.0
42.0,54651.0,15.0,0.0,0.0,40.0
36.0,98515.0,11.0,0.0,0.0,40.0
47.0,278322.0,10.0,7688.0,0.0,40.0
34.0,330301.0,4.0,0.0,0.0,40.0
29.0,70100.0,9.0,0.0,0.0,80.0
33.0,202450.0,9.0,0.0,0.0,40.0
49.0,181363.0,14.0,0.0,0.0,45.0
24.0,190709.0,10.0,0.0,0.0,65.0
53.0,231472.0,14.0,15024.0,0.0,50.0
18.0,118847.0,8.0,0.0,0.0,20.0
40.0,321758.0,9.0,0.0,0.0,40.0
62.0,272209.0,9.0,0.0,0.0,99.0
34.0,137991.0,13.0,0.0,0.0,35.0
58.0,185459.0,9.0,0.0,0.0,45.0
36.0,51089.0,13.0,0.0,0.0,60.0
22.0,64292.0,9.0,0.0,0.0,40.0
35.0,176837.0,9.0,0.0,0.0,40.0
44.0,291568.0,9.0,0.0,0.0,40.0
45.0,211399.0,14.0,7298.0,0.0,40.0
22.0,195532.0,9.0,0.0,0.0,40.0
28.0,51461.0,9.0,0.0,0.0,40.0
27.0,105817.0,13.0,0.0,0.0,45.0
30.0,49358.0,8.0,0.0,0.0,40.0
31.0,46807.0,13.0,0.0,0.0,40.0
21.0,216867.0,10.0,0.0,0.0,40.0
43.0,350379.0,3.0,0.0,0.0,40.0
20.0,141453.0,10.0,0.0,0.0,10.0
42.0,201520.0,14.0,0.0,1902.0,43.0
49.0,104542.0,9.0,0.0,0.0,40.0
32.0,156464.0,9.0,0.0,0.0,40.0
38.0,133935.0,9.0,0.0,0.0,41.0
33.0,137814.0,9.0,0.0,0.0,32.0
34.0,209691.0,11.0,4386.0,0.0,50.0
46.0,274200.0,10.0,0.0,0.0,40.0
34.0,196164.0,9.0,0.0,0.0,35.0
22.0,103805.0,10.0,0.0,0.0,36.0
22.0,332194.0,10.0,0.0,0.0,40.0
41.0,289669.0,9.0,0.0,0.0,40.0
47.0,206659.0,10.0,0.0,0.0,40.0
63.0,76286.0,14.0,0.0,0.0,40.0
18.0,261714.0,10.0,0.0,0.0,15.0
38.0,308686.0,13.0,0.0,0.0,70.0
56.0,202435.0,9.0,0.0,0.0,30.0
23.0,164231.0,7.0,0.0,0.0,35.0
36.0,65624.0,13.0,0.0,0.0,40.0
54.0,191659.0,3.0,0.0,0.0,40.0
44.0,153132.0,13.0,7688.0,0.0,52.0
18.0,51789.0,10.0,0.0,0.0,8.0
44.0,128586.0,13.0,0.0,0.0,40.0
35.0,129764.0,9.0,0.0,0.0,45.0
44.0,193882.0,13.0,0.0,0.0,40.0
39.0,107302.0,13.0,0.0,0.0,35.0
26.0,206600.0,13.0,0.0,0.0,40.0
43.0,150519.0,10.0,0.0,0.0,40.0
29.0,143139.0,6.0,0.0,0.0,40.0
63.0,114752.0,13.0,0.0,0.0,35.0
33.0,452924.0,9.0,0.0,0.0,40.0
19.0,242941.0,10.0,0.0,1602.0,10.0
44.0,132849.0,14.0,0.0,0.0,40.0
18.0,173585.0,7.0,0.0,0.0,15.0
44.0,343190.0,10.0,0.0,1887.0,55.0
36.0,356838.0,16.0,0.0,0.0,50.0
47.0,156417.0,10.0,0.0,0.0,20.0
72.0,128529.0,9.0,0.0,0.0,28.0
20.0,181370.0,10.0,0.0,0.0,40.0
38.0,193372.0,10.0,0.0,0.0,40.0
44.0,138966.0,9.0,0.0,0.0,38.0
38.0,255941.0,14.0,10520.0,0.0,50.0
37.0,234901.0,10.0,0.0,0.0,50.0
20.0,245297.0,10.0,0.0,0.0,20.0
35.0,24126.0,10.0,0.0,0.0,40.0
23.0,396099.0,9.0,0.0,0.0,25.0
46.0,201699.0,9.0,0.0,0.0,40.0
29.0,245226.0,9.0,0.0,0.0,40.0
23.0,168997.0,10.0,0.0,0.0,40.0
33.0,278736.0,11.0,0.0,0.0,50.0
45.0,219632.0,9.0,0.0,0.0,40.0
59.0,357118.0,13.0,0.0,0.0,40.0
38.0,205852.0,13.0,0.0,0.0,40.0
61.0,284710.0,15.0,0.0,1902.0,45.0
17.0,34019.0,7.0,0.0,0.0,20.0
38.0,421446.0,13.0,0.0,0.0,50.0
52.0,180195.0,13.0,0.0,0.0,40.0
47.0,77660.0,10.0,15024.0,0.0,50.0
37.0,174912.0,9.0,0.0,0.0,40.0
25.0,122999.0,9.0,0.0,0.0,40.0
45.0,312678.0,14.0,0.0,0.0,38.0
49.0,107373.0,6.0,0.0,0.0,99.0
17.0,216086.0,7.0,0.0,0.0,30.0
26.0,195562.0,9.0,0.0,0.0,40.0
24.0,102258.0,13.0,0.0,0.0,40.0
28.0,181776.0,10.0,0.0,0.0,40.0
40.0,249039.0,9.0,0.0,0.0,40.0
42.0,137390.0,9.0,0.0,0.0,40.0
29.0,276345.0,9.0,0.0,0.0,50.0
37.0,202683.0,9.0,0.0,0.0,40.0
45.0,40666.0,13.0,0.0,0.0,40.0
51.0,246519.0,6.0,2105.0,0.0,45.0
64.0,342494.0,9.0,0.0,0.0,40.0
31.0,56964.0,10.0,0.0,0.0,40.0
28.0,65171.0,10.0,0.0,0.0,70.0
34.0,274577.0,9.0,0.0,0.0,40.0
28.0,416577.0,9.0,2829.0,0.0,40.0
37.0,188279.0,9.0,0.0,0.0,40.0
45.0,163434.0,9.0,0.0,0.0,40.0
33.0,37070.0,14.0,0.0,0.0,60.0
25.0,257574.0,13.0,0.0,0.0,20.0
49.0,188823.0,9.0,0.0,0.0,42.0
26.0,102264.0,10.0,0.0,0.0,40.0
62.0,120939.0,10.0,0.0,0.0,40.0
30.0,170449.0,14.0,0.0,0.0,40.0
28.0,175262.0,9.0,0.0,0.0,40.0
51.0,340588.0,2.0,0.0,0.0,54.0
30.0,209900.0,13.0,0.0,0.0,40.0
22.0,103277.0,10.0,0.0,0.0,20.0
53.0,29557.0,10.0,0.0,0.0,40.0
41.0,76625.0,12.0,0.0,0.0,40.0
90.0,227796.0,12.0,6097.0,0.0,45.0
30.0,232475.0,9.0,0.0,0.0,40.0
17.0,182158.0,6.0,0.0,0.0,30.0
38.0,197077.0,9.0,0.0,0.0,40.0
40.0,154374.0,15.0,0.0,0.0,60.0
22.0,188544.0,11.0,0.0,0.0,30.0
46.0,330416.0,10.0,0.0,0.0,40.0
35.0,330664.0,9.0,0.0,0.0,40.0
36.0,82743.0,12.0,0.0,0.0,55.0
46.0,114328.0,10.0,0.0,0.0,40.0
21.0,121023.0,10.0,0.0,0.0,9.0
64.0,277657.0,9.0,0.0,0.0,24.0
51.0,96586.0,10.0,0.0,0.0,40.0
20.0,140764.0,10.0,0.0,0.0,20.0
38.0,171150.0,12.0,0.0,0.0,40.0
44.0,202872.0,10.0,0.0,0.0,25.0
39.0,80680.0,10.0,0.0,0.0,40.0
50.0,211319.0,13.0,7298.0,0.0,50.0
37.0,29814.0,9.0,0.0,0.0,85.0
26.0,246156.0,6.0,0.0,0.0,24.0
27.0,176683.0,9.0,0.0,0.0,40.0
39.0,65382.0,10.0,0.0,0.0,40.0
29.0,543477.0,10.0,0.0,0.0,40.0
44.0,160323.0,9.0,0.0,0.0,40.0
36.0,116608.0,9.0,4865.0,0.0,40.0
37.0,117381.0,14.0,0.0,0.0,45.0
40.0,131899.0,10.0,0.0,0.0,40.0
81.0,247232.0,6.0,2936.0,0.0,28.0
55.0,79662.0,9.0,0.0,0.0,60.0
37.0,123211.0,9.0,0.0,0.0,44.0
26.0,78258.0,11.0,0.0,0.0,36.0
52.0,112959.0,10.0,0.0,0.0,40.0
34.0,325792.0,10.0,0.0,0.0,40.0
