0,1,2,3,4,5
56,33115,9,0,0,40
25,112847,9,0,0,40
43,170525,13,14344,0,40
32,186788,9,0,0,40
39,277886,13,0,0,30
20,323009,9,0,0,40
54,146834,9,0,0,45
25,166977,13,0,1887,40
30,209317,9,0,0,50
33,92865,10,0,0,40
42,83953,10,0,0,70
24,211527,13,0,0,30
48,50880,10,0,0,40
21,253583,7,0,0,45
37,117651,13,0,0,40
36,64875,11,0,0,60
26,212798,13,0,0,45
25,521400,3,0,0,40
66,37170,9,0,0,42
37,472517,11,0,0,4
54,188136,13,0,1408,38
45,172274,16,0,3004,35
33,177727,9,0,0,40
67,182378,13,9386,0,60
31,375680,13,0,0,40
22,227994,10,0,0,39
62,139391,10,0,0,24
22,264102,10,0,0,39
24,317443,13,0,0,40
32,90446,6,0,0,40
35,103260,14,0,0,35
45,276157,13,0,0,40
40,246949,9,0,0,40
27,419146,3,0,0,75
32,86723,9,0,0,52
34,114973,9,0,0,30
58,189528,9,0,0,84
25,67467,9,0,0,40
44,230684,9,0,0,55
21,417668,9,0,0,36
61,87300,9,0,0,40
18,205894,7,0,0,15
40,170730,9,0,0,50
31,382583,9,0,0,40
28,232945,9,0,0,30
26,53209,9,0,0,40
46,151325,6,0,0,40
27,153805,10,0,0,50
51,334679,11,0,0,40
50,137815,13,0,0,40
42,170649,10,0,0,60
20,188923,10,0,0,37
45,38950,13,0,0,40
50,167065,13,0,0,40
44,129100,7,0,0,60
47,73394,10,0,0,50
49,27802,10,0,1887,40
47,270079,4,0,0,40
61,224638,9,0,0,40
40,254167,6,0,0,35
39,187921,9,0,0,99
28,239753,9,0,0,40
30,29662,12,0,0,25
23,131230,9,0,0,20
30,175690,10,0,0,40
35,105821,9,5178,0,40
39,357118,13,0,1974,40
30,169583,13,0,0,40
39,122353,13,0,0,45
33,162930,13,0,0,50
20,424034,10,0,0,15
21,176998,9,0,0,40
47,158286,14,0,0,50
43,152420,10,0,0,50
24,161092,13,0,0,40
59,59584,9,0,0,40
42,144594,9,0,0,40
48,105138,9,0,0,40
28,180299,9,0,0,48
72,473748,9,0,0,30
41,289551,9,7688,0,40
23,117618,10,0,0,35
27,247978,9,0,0,40
21,51985,9,0,0,40
38,35890,9,0,0,40
47,326048,9,0,0,40
28,72514,10,0,0,72
26,208881,13,0,0,42
46,160647,13,0,0,38
51,202752,8,0,0,40
33,254221,9,0,0,40
34,87310,9,2174,0,40
40,104196,9,0,0,45
51,97005,4,0,0,40
42,311920,13,0,1485,17
30,267281,13,0,0,50
30,272669,10,0,0,40
35,202027,13,7298,0,35
57,279636,11,0,0,40
49,186256,10,0,0,40
44,58124,13,0,0,45
69,473040,3,0,0,40
54,111130,10,0,0,50
32,118551,13,0,0,35
27,262723,10,0,0,40
53,134854,11,0,0,40
19,216413,10,0,0,20
26,241852,8,0,0,40
37,176967,10,0,0,50
74,45319,8,1409,0,20
19,278304,10,0,0,15
68,99849,9,0,0,28
54,188588,3,0,2001,35
26,218993,13,0,0,30
51,182944,9,0,0,40
34,154874,9,4416,0,30
47,209460,10,4386,0,40
55,247552,10,0,0,56
35,238591,10,0,0,40
40,157403,10,0,0,38
41,184630,13,4416,0,40
33,107248,11,0,0,45
47,68493,9,0,0,40
67,342175,14,2009,0,40
25,80312,11,4865,0,40
31,265509,11,0,0,32
39,393480,9,0,0,40
48,452402,16,0,0,15
33,198727,9,0,0,40
45,363298,13,0,0,45
24,35448,9,0,0,50
38,332154,13,0,0,60
23,203139,10,0,0,40
35,115215,10,0,0,45
71,228806,5,0,0,6
37,168941,7,0,0,40
41,165815,10,0,0,60
52,101113,9,0,0,66
35,77146,9,2829,0,45
47,284907,9,0,0,40
37,35330,9,0,1669,55
60,27466,10,0,0,40
42,180985,6,99999,0,40
52,202956,4,0,0,40
59,132559,16,0,1977,55
24,86745,13,0,0,16
52,334273,12,0,0,40
41,187881,10,3942,0,40
24,278107,9,0,0,60
40,544792,10,0,0,40
19,73009,10,0,0,15
32,399088,13,0,0,45
20,277700,1,0,0,32
22,113703,10,0,0,20
47,294671,9,0,0,55
22,333197,9,0,2205,45
21,449101,9,0,0,40
24,408585,4,0,0,45
31,87535,10,0,0,25
56,340171,9,0,0,40
23,394612,13,0,0,40
23,195411,9,0,0,40
46,167159,10,0,0,70
35,189922,9,0,0,40
43,208045,14,0,0,40
37,222450,3,0,0,40
37,255454,4,7298,0,35
27,47907,13,0,0,40
29,135791,13,15024,0,50
21,143582,13,0,0,45
29,239753,9,0,2057,20
41,190290,9,0,0,40
35,90273,4,0,0,40
36,129150,9,0,0,50
29,184224,9,0,0,40
22,54560,9,0,0,60
38,65324,15,0,0,40
53,30244,12,15024,0,40
34,140092,9,0,0,40
21,321369,6,0,0,40
31,110643,13,0,0,40
67,152102,9,0,0,65
20,218215,10,0,0,40
29,208406,9,0,0,35
34,608881,9,0,0,40
32,72591,9,0,0,40
32,155232,13,0,0,60
29,131712,7,0,0,40
39,152587,9,0,0,40
58,215245,13,0,0,37
46,233493,9,0,1579,40
37,215503,9,4386,0,45
43,248186,12,0,0,38
50,120914,7,0,0,40
51,256051,7,0,1628,40
67,350525,10,0,0,15
48,200471,13,0,0,40
32,130007,6,0,0,35
39,329980,13,15024,0,50
41,299813,5,0,0,70
40,182629,13,0,0,40
36,358373,9,0,0,36
47,140644,9,0,0,40
65,176796,16,0,0,40
54,329733,9,0,0,40
63,106648,9,0,0,25
48,80651,9,0,0,55
32,566117,10,0,0,40
25,208117,13,0,0,40
37,183800,12,0,1887,40
20,197752,10,0,0,16
32,264554,10,0,0,40
41,287037,10,0,0,40
27,333990,11,0,0,40
55,177163,14,914,0,50
67,268514,13,0,0,40
69,187332,15,20051,0,45
38,170174,6,0,0,40
41,129865,9,0,0,60
46,36228,9,0,1902,40
32,261059,10,0,0,50
36,94954,9,0,0,40
44,92162,9,0,0,40
32,149787,11,0,0,50
26,384276,10,0,0,60
18,103497,10,0,0,30
55,124137,9,0,0,40
38,101192,10,0,0,40
49,255559,10,0,0,40
42,178780,14,0,0,50
24,325744,9,0,0,40
27,285432,12,0,0,40
28,108706,9,0,0,40
24,241857,10,0,0,35
26,248990,7,0,0,40
23,248978,7,0,0,40
23,178207,10,0,0,35
22,141698,6,0,0,40
31,349148,10,0,0,48
30,113838,11,3137,0,60
17,566049,6,0,0,8
39,235379,12,0,0,40
53,153486,9,0,0,30
33,243330,9,0,0,55
26,197764,13,0,0,40
34,344275,14,0,0,60
30,122042,14,0,0,45
36,370156,9,0,0,38
26,179569,10,0,0,40
54,447555,6,0,0,40
58,123886,9,0,0,40
70,143833,10,0,2246,40
20,400443,9,0,0,20
46,288608,9,0,0,40
48,156926,13,0,0,45
33,33404,9,0,0,65
49,95636,6,0,0,40
55,236731,2,0,0,40
20,246635,10,2597,0,20
35,134498,10,0,0,45
29,94880,10,0,0,40
25,335522,5,0,0,40
35,99146,11,0,0,55
27,180758,10,0,0,30
47,213745,10,0,0,45
27,420351,9,0,0,45
48,196689,13,0,0,40
31,381153,10,0,0,60
42,32533,10,0,0,45
29,24562,13,0,0,40
19,96483,9,0,0,40
39,115076,10,0,0,40
32,479179,7,0,0,40
58,175017,13,0,0,25
47,316101,9,0,0,40
43,194726,9,0,0,35
32,31714,10,4865,0,40
43,196945,9,0,0,78
23,179413,9,0,0,40
44,86298,13,0,0,45
41,164612,13,0,1887,50
21,162667,9,0,0,40
50,42402,15,0,2415,30
45,33794,14,0,0,40
65,350498,13,10605,0,20
40,103759,9,0,0,40
18,220836,7,0,0,20
69,185691,7,0,0,20
53,207449,6,0,0,40
29,341672,9,0,1564,50
24,43535,10,0,0,30
36,24504,9,0,0,40
58,489085,13,0,0,40
38,412296,9,0,0,28
44,245317,9,0,0,40
46,168211,9,0,0,75
19,250249,10,0,0,10
50,135339,8,0,0,40
42,175943,13,0,0,35
58,320102,16,0,0,50
57,106910,9,0,0,40
44,304530,10,0,0,55
36,139770,10,0,0,32
45,199590,3,0,0,38
42,247019,9,0,0,40
49,175958,10,0,0,80
44,211531,10,0,0,50
25,120596,13,0,0,44
37,199739,10,0,0,40
24,197200,9,0,0,44
36,289223,10,0,1848,40
27,278122,9,0,0,40
37,66304,5,0,0,16
33,255004,10,0,0,50
43,177905,10,0,0,40
35,283122,10,0,0,45
60,88675,9,0,0,40
58,234213,9,14344,0,48
29,394927,10,0,0,45
48,63466,9,0,0,32
33,618191,9,0,0,40
66,298834,10,0,0,40
53,202720,5,0,0,75
25,199947,9,0,0,40
51,186338,9,0,0,40
28,188278,13,0,0,50
30,172403,9,0,0,30
34,35595,13,0,0,30
27,588905,9,0,0,40
34,197886,13,0,0,60
35,210866,9,0,0,40
68,195881,9,2414,0,40
34,182274,10,0,1887,40
65,94809,9,0,0,40
37,103323,12,0,0,40
26,171114,13,0,0,40
26,163189,9,0,0,40
55,487411,14,0,0,40
63,346975,13,7688,0,36
20,105312,9,0,0,35
37,253006,10,0,0,45
47,176893,9,8614,0,44
31,188961,12,0,0,40
47,166894,10,0,0,40
22,236684,11,0,0,36
52,214091,9,0,0,40
41,175674,10,0,0,40
42,248094,9,0,0,50
46,181372,13,0,0,40
39,280570,13,0,0,45
32,98656,14,0,0,40
27,163320,12,0,0,40
28,192200,13,0,0,40
21,472861,7,0,0,40
50,240612,13,0,0,60
61,95680,12,3103,0,40
45,151817,14,0,0,36
35,234901,10,2407,0,40
26,287420,13,0,0,60
51,124963,14,0,0,40
29,244473,13,7688,0,40
27,210867,4,0,0,50
47,207540,4,0,0,40
24,257621,13,0,0,40
21,225724,10,0,0,20
51,157043,7,0,0,40
50,204577,13,0,1902,60
62,34916,10,0,0,40
48,379883,14,0,0,40
56,261232,9,0,0,40
48,117849,10,0,0,40
21,214387,10,0,0,64
57,78020,9,0,0,40
31,59083,10,0,1672,50
40,255824,14,0,0,40
29,341846,14,0,0,50
52,165050,9,0,0,48
54,96460,9,7688,0,60
34,229531,12,0,0,60
29,51944,9,4386,0,40
60,71683,5,0,0,49
19,63814,10,0,0,18
20,146538,9,0,0,40
25,199224,10,0,0,30
17,108402,6,0,0,20
52,266138,13,0,0,40
31,240283,13,0,0,40
72,305145,13,0,0,4
37,130620,8,0,0,33
47,80282,13,3137,0,40
31,292592,9,0,0,40
27,312485,9,0,0,32
42,121055,10,0,0,45
37,222450,7,0,0,40
31,219117,10,5455,0,60
48,58683,10,0,0,70
23,184271,13,0,0,36
17,28031,5,0,0,16
41,243607,3,0,0,40
31,326862,10,0,0,40
66,174788,10,0,0,20
43,184099,12,0,0,40
34,113838,10,0,0,45
55,189933,10,0,0,84
67,217892,16,10605,0,35
55,190508,10,0,0,35
39,256294,9,0,0,40
55,216941,9,2885,0,40
34,140011,9,0,0,45
28,312588,6,0,0,40
35,155961,9,0,0,35
39,89508,13,0,0,40
47,329205,13,0,0,40
39,201410,9,0,0,40
23,161478,10,0,0,23
35,54363,12,0,0,50
29,184806,12,0,0,20
32,128002,11,0,0,45
40,298635,14,0,1902,40
60,291904,6,0,0,40
32,370160,10,0,0,40
57,202765,9,0,0,40
39,193260,10,0,0,25
45,277434,13,0,0,50
50,71609,6,0,0,60
44,351262,10,0,0,38
49,165229,11,0,0,40
45,200363,11,0,0,44
36,414683,13,0,0,40
27,198286,10,0,0,40
43,84924,10,0,0,44
18,168740,7,0,0,30
41,79586,13,0,0,60
55,32365,13,0,0,45
41,323790,9,0,0,55
65,190454,7,0,0,29
47,123219,14,0,0,38
36,290409,10,0,0,40
20,244689,10,0,0,25
58,225394,9,0,1902,40
35,320084,13,0,0,55
54,287831,10,0,0,55
51,71046,10,0,0,45
36,91275,10,0,0,40
28,212068,13,0,1980,40
57,211678,6,0,0,64
31,103596,9,0,0,55
54,136224,14,0,0,30
38,154641,11,0,0,40
26,109564,9,0,0,40
48,78529,14,0,0,60
39,144688,9,0,0,50
39,30916,9,0,0,40
44,216116,9,0,0,40
27,147340,9,0,0,50
37,258289,9,0,0,40
23,181820,10,0,0,20
61,180418,9,0,0,40
45,187715,9,0,0,40
28,156300,14,0,0,45
45,175600,14,0,0,60
33,83671,13,0,0,50
62,263374,11,0,0,40
41,110562,13,0,0,40
58,200040,9,0,0,40
22,228394,10,0,0,36
57,167864,11,0,0,40
61,149620,10,0,0,40
23,219519,10,0,0,30
28,266070,10,0,0,40
39,195253,9,0,0,40
23,273049,4,0,0,20
33,152933,10,0,0,45
37,178100,14,0,0,40
37,75073,12,0,0,42
29,115438,9,0,0,35
19,168693,9,0,0,25
18,133654,9,0,0,40
44,153489,9,0,0,40
32,44675,16,0,0,65
53,197054,14,0,0,40
21,234838,10,0,0,30
31,103651,13,0,0,45
18,159032,4,0,0,40
31,341672,13,0,0,60
42,245307,13,0,1977,48
17,99568,6,0,0,10
35,407913,9,0,0,40
21,152328,10,0,0,20
23,302312,9,0,0,40
44,203761,10,0,0,45
25,198870,13,0,0,35
23,138892,9,0,0,40
30,123397,9,0,0,40
25,194342,9,0,0,40
29,250679,9,0,0,40
23,204641,6,0,0,50
50,95577,9,0,0,12
27,341672,10,0,0,40
37,186191,9,0,0,45
39,78171,10,0,0,40
74,209454,3,0,0,40
41,187802,10,0,0,50
34,154548,10,0,0,38
38,91857,9,0,0,44
64,136405,9,0,0,32
20,262749,10,0,0,35
57,283635,10,0,0,40
31,93106,11,0,0,40
64,182979,9,0,0,40
29,59231,10,0,0,42
47,20946,13,0,0,40
75,248833,9,2653,0,14
57,169071,9,0,0,28
27,332249,9,0,0,40
25,186294,9,0,0,50
27,263552,9,0,0,50
28,236418,10,0,0,40
26,177035,7,0,0,40
35,38948,10,0,0,50
50,260052,13,15020,0,40
34,159442,9,0,0,37
50,164127,9,0,0,40
21,366929,9,0,0,38
36,114605,11,0,0,40
35,77146,11,0,0,45
31,152109,11,0,0,40
19,174732,10,0,0,25
29,351871,13,0,0,50
24,420779,9,0,0,35
80,91901,9,0,0,25
23,173851,9,0,0,8
19,168294,9,0,0,40
28,435842,13,0,0,40
19,118535,8,0,0,18
47,121124,9,0,0,40
36,558344,9,0,0,48
32,73498,4,0,0,40
30,165503,13,0,0,65
53,303462,9,0,0,30
38,328301,10,0,0,40
25,207965,13,0,0,60
49,222829,14,0,0,42
34,182006,7,4416,0,30
41,202872,6,0,0,40
24,290625,10,0,0,41
47,87504,13,0,0,50
23,302836,12,0,0,40
51,146181,5,0,0,40
44,92649,9,0,0,40
68,103161,9,0,0,32
38,187046,7,0,0,45
21,303187,10,0,0,40
43,212490,11,0,0,40
24,127753,8,0,0,40
26,206721,13,0,0,50
33,83231,9,0,0,40
23,82497,10,0,0,28
20,96862,10,0,0,8
50,183915,13,0,0,45
39,49020,14,0,1974,40
54,82551,11,0,0,10
57,154368,13,0,0,50
53,194259,10,4386,0,40
43,341358,11,0,0,40
66,151793,4,0,0,10
54,137678,9,0,0,30
24,163665,9,2174,0,40
19,169853,9,0,0,24
42,69019,10,0,0,40
32,119033,9,0,0,40
44,136986,10,0,0,40
34,187203,12,0,0,50
52,72036,11,0,0,25
30,35644,9,0,0,10
40,377018,13,0,0,60
59,169639,12,0,0,40
24,190483,9,0,0,40
28,70240,14,0,0,36
68,339168,13,0,0,30
56,32316,8,0,0,40
40,261497,9,0,0,35
32,287229,9,0,0,35
38,278557,13,0,0,50
69,177374,9,1848,0,12
28,162312,10,0,0,40
29,467936,10,0,0,40
38,195686,9,0,0,25
31,168521,13,0,0,50
24,52242,9,0,0,40
52,89054,9,0,0,40
18,114008,9,0,0,35
36,36989,10,0,0,40
36,182013,10,0,0,40
81,55314,13,0,0,4
30,189439,9,0,0,38
34,83800,10,0,0,30
20,132053,9,0,1719,40
33,256529,9,0,0,80
50,195844,12,0,0,50
20,190423,10,0,0,20
32,205072,9,0,0,48
26,476558,4,0,0,40
46,82572,9,0,0,40
20,42706,10,0,0,72
27,198813,9,0,0,40
45,348854,10,0,0,27
18,150817,9,0,0,20
19,150384,9,0,0,40
21,518530,10,0,0,40
54,304570,13,7688,0,40
19,253529,8,0,0,9
40,220563,8,0,0,40
50,35224,9,0,0,40
28,199903,13,0,0,20
28,250679,9,0,0,40
35,146042,10,0,0,40
49,191277,10,0,0,40
23,306601,13,0,0,40
46,187715,10,0,0,50
67,75140,9,0,0,25
38,334366,10,0,0,15
20,406641,9,0,0,30
42,186689,9,0,0,60
54,183611,10,3137,0,50
21,312017,10,0,0,40
35,191103,9,0,0,40
39,98886,4,4508,0,40
25,187653,9,0,0,48
37,118358,10,0,0,40
31,48520,9,0,0,30
24,177526,11,0,0,40
53,149220,14,0,0,40
58,212864,9,0,0,40
43,170721,10,0,0,40
49,106207,13,0,0,40
54,176240,14,7688,0,60
39,531055,9,0,0,40
22,57827,10,0,0,40
39,306504,9,0,0,40
43,147269,6,0,0,60
31,160594,12,0,0,3
34,117018,10,0,0,40
61,230545,9,0,0,35
28,201844,9,0,0,40
21,260254,9,0,0,40
26,136309,13,0,0,40
35,148581,9,0,1740,40
29,193125,9,0,0,40
44,202692,14,0,0,40
21,149637,10,0,0,25
58,148673,9,0,0,10
23,120910,9,0,0,35
20,386643,10,0,0,40
19,219742,10,0,0,15
29,103628,10,0,0,40
51,100029,16,15024,0,40
35,208106,9,0,0,40
46,188273,9,15024,0,50
20,228960,10,0,0,40
35,225330,13,0,0,40
51,22154,10,0,0,40
56,435836,14,0,0,40
25,366796,13,0,0,40
56,179594,9,0,0,48
45,174426,14,0,0,43
53,158352,14,8614,0,35
36,260454,9,0,0,30
40,143069,9,0,0,40
44,167005,9,0,0,48
20,177287,9,0,0,38
72,289930,13,991,0,7
42,70037,14,0,0,50
44,54310,14,7298,0,40
46,45363,15,0,2824,40
61,131117,9,0,0,40
54,33863,9,0,0,60
24,322658,13,0,0,40
26,240842,9,0,0,40
37,146398,13,0,0,40
60,176839,15,0,0,45
22,240063,9,0,0,40
25,200318,9,0,0,60
40,85604,14,0,0,55
23,103064,13,0,0,40
29,663394,9,0,0,40
55,136819,13,0,0,40
40,217826,9,0,0,40
71,172046,4,0,0,50
31,120461,13,0,0,40
41,223934,12,0,0,38
34,554206,9,0,0,20
40,240698,9,0,0,60
24,148709,9,0,0,40
25,31873,13,0,0,40
30,234753,11,0,0,34
59,172618,10,0,0,56
23,201680,8,0,0,40
38,187999,13,0,0,45
26,159897,10,0,0,40
51,46281,10,0,0,50
19,302229,9,0,0,10
52,251841,14,0,0,50
56,190091,11,0,0,46
29,131913,10,0,0,40
48,25468,14,99999,0,50
19,149528,10,0,0,12
34,177437,10,15024,0,45
35,106967,14,0,0,40
22,214731,6,0,0,40
43,139277,9,0,0,40
38,166585,13,0,0,55
52,61735,7,0,0,40
49,105431,9,0,0,40
27,105189,9,0,0,40
72,53684,10,0,0,40
18,216540,7,0,0,40
25,457070,4,0,0,45
55,98361,13,15024,0,55
49,237920,16,0,0,60
51,120914,6,0,0,40
40,180123,9,0,0,40
18,236272,9,0,0,35
37,419053,9,0,0,40
20,175431,10,0,0,40
73,228899,4,0,0,99
18,36251,6,0,0,15
27,318639,6,0,0,60
26,264012,13,0,0,40
64,477697,9,0,0,16
34,121640,10,0,0,44
60,108969,6,0,0,50
34,113211,12,0,0,45
18,183315,7,0,0,10
31,307375,10,0,0,40
37,356231,6,0,2129,65
33,248584,10,0,0,50
51,22743,9,0,0,50
45,102771,9,0,0,40
27,177398,9,0,0,64
37,108540,9,0,0,40
21,363192,11,0,0,40
31,100135,14,0,0,40
46,32825,9,0,0,60
30,156015,10,0,0,45
34,353270,11,0,0,40
55,28338,11,0,0,40
23,69911,1,0,0,15
27,167336,10,0,0,39
28,186672,9,0,0,40
31,442429,9,0,0,40
61,195595,4,0,0,40
60,141221,13,0,2163,25
21,132320,7,0,0,35
54,185407,9,7688,0,40
30,119197,14,0,0,50
23,200677,6,0,0,40
41,88368,9,0,0,50
32,464621,10,0,0,40
40,34722,10,0,0,48
45,255014,10,0,0,55
54,141272,9,0,0,40
33,196898,13,0,0,40
36,206521,9,0,0,40
52,23780,11,0,1977,45
47,96854,13,0,0,40
30,205152,13,0,0,40
36,176634,13,0,0,35
32,204742,13,0,0,40
40,189941,13,3103,0,60
57,562558,9,0,0,40
33,44392,9,0,0,20
40,254478,10,7298,0,50
36,34378,11,3908,0,75
51,157327,3,0,0,8
37,305379,13,0,0,50
28,75695,10,0,0,60
56,367984,11,15024,0,40
44,314739,10,0,0,40
37,343721,13,0,0,40
33,170651,9,1055,0,40
34,183557,9,0,0,20
38,227945,14,99999,0,65
21,318987,11,0,0,40
39,224541,5,4386,0,55
41,149909,9,0,1848,40
29,78261,9,0,0,40
41,94210,9,0,0,48
42,118652,12,0,0,40
44,33895,9,0,0,40
47,200808,8,0,0,35
52,91506,9,0,0,45
25,160261,13,0,0,35
42,40151,11,0,0,30
57,250873,9,0,0,40
43,260960,13,0,0,50
25,109009,7,0,0,40
72,195181,9,0,0,32
55,300670,13,0,0,40
49,107682,10,0,0,38
41,63042,9,0,0,20
18,116167,9,0,0,16
45,166181,9,0,0,25
39,67433,9,0,0,40
52,84788,6,0,0,40
23,163053,6,0,0,20
52,311569,14,0,0,50
24,193416,12,0,0,3
71,77253,9,0,0,17
33,389932,9,0,0,55
28,209109,13,0,0,40
31,345122,15,14084,0,50
24,44075,13,0,0,40
30,427541,9,99999,0,40
54,105428,9,0,0,40
21,177940,9,0,0,40
22,349368,13,0,0,30
66,177351,13,0,2174,40
20,41721,10,0,0,40
52,177487,9,0,0,40
44,172479,9,15024,0,60
44,468706,9,0,0,40
43,196308,9,0,0,40
43,176452,5,0,0,50
23,265356,13,0,0,40
37,255621,9,0,0,50
48,139290,6,0,0,48
45,232586,10,0,0,50
27,106276,9,0,0,40
38,184456,9,0,0,55
54,113649,10,0,0,40
55,171015,9,0,0,40
72,107814,14,2329,0,60
47,185041,10,7298,0,40
50,102346,13,0,2415,20
41,34278,11,0,0,40
37,162494,13,0,0,40
21,193219,9,0,0,35
58,104613,12,0,0,50
19,188618,9,0,0,24
36,32334,11,0,0,50
53,221791,9,0,0,40
61,80896,14,0,0,45
45,285575,9,0,0,40
47,319205,10,0,0,40
42,121264,11,0,0,40
39,108140,11,0,0,40
37,33975,13,0,0,50
29,221366,13,5013,0,40
29,39388,9,0,0,40
37,138441,9,0,0,40
54,320012,10,0,0,40
40,382499,9,0,0,50
18,228216,9,0,0,20
81,364099,10,0,0,20
39,141584,10,0,0,50
29,301582,10,0,0,40
33,245211,13,0,0,40
63,194638,9,0,0,32
39,267581,9,0,0,40
56,255386,10,0,0,40
25,169323,13,0,0,40
18,201613,8,0,0,20
30,149427,5,0,0,45
45,180010,9,0,0,40
35,313132,15,0,0,40
32,34572,9,0,0,65
21,174907,9,0,0,40
27,130807,12,0,0,40
18,91525,9,0,0,25
57,61474,10,7688,0,45
65,266081,9,0,0,40
55,202435,13,0,0,40
25,358975,9,0,0,35
41,160120,16,0,0,40
37,151322,13,0,0,40
31,182177,9,0,1902,40
34,93169,10,0,0,40
45,140644,9,0,0,50
33,122672,9,0,0,50
32,193042,15,15024,0,60
33,155475,9,0,0,40
36,172706,9,0,0,40
18,170094,9,0,0,20
59,200316,9,0,0,40
27,113870,14,0,0,40
47,140664,13,0,0,45
22,177107,11,0,0,35
32,213750,11,0,0,45
30,87469,9,0,0,40
24,227070,6,0,0,40
40,102576,14,0,0,55
41,168730,10,0,0,50
53,290640,9,0,0,50
37,69251,10,0,0,40
28,292536,10,0,0,50
56,82050,7,7298,0,40
19,25429,10,0,0,25
27,180553,9,0,0,40
64,144182,9,0,0,23
26,53833,9,0,0,40
46,187370,13,0,1504,40
62,211408,11,0,0,40
45,178341,14,0,0,50
61,111563,13,0,0,20
45,310260,13,0,0,50
46,274689,12,0,0,40
64,285610,7,0,0,40
57,153918,9,0,0,40
62,159474,9,0,0,50
23,138768,13,2907,0,40
19,291181,5,0,0,50
36,209993,3,0,0,40
37,110013,11,0,0,40
34,69727,2,0,0,40
41,27305,9,7688,0,40
34,321709,9,0,0,28
55,109015,10,0,0,38
43,421837,10,7298,0,50
54,139850,14,0,0,45
32,222205,10,0,0,40
20,177287,9,0,0,30
51,205884,10,0,0,40
31,244665,10,0,0,45
39,91367,14,0,1848,45
52,173987,9,0,0,40
65,204042,9,0,0,20
33,104509,13,0,0,40
36,266347,9,0,0,43
58,206814,13,7688,0,50
22,237386,11,0,0,50
55,193374,9,0,0,40
25,237865,10,0,0,42
63,143098,9,4064,0,40
31,221167,15,0,0,35
32,394708,9,0,0,40
18,78181,9,0,0,20
63,68954,9,0,0,11
61,347089,9,0,0,16
25,167031,6,0,0,40
32,481096,3,0,0,10
41,66118,13,0,0,40
58,170108,14,0,0,40
38,166062,9,0,0,50
65,200764,9,0,0,16
33,203784,11,0,0,62
43,212888,13,0,0,38
24,103064,13,0,0,40
21,25505,11,0,0,35
23,117789,13,0,0,40
31,381153,6,0,0,40
23,39603,10,0,0,40
27,122540,10,0,0,40
70,221603,10,0,0,34
42,373469,9,0,0,40
25,93223,10,0,0,35
18,193741,7,0,0,30
27,200928,10,0,0,22
28,144063,9,0,0,40
22,125010,13,0,0,20
25,195000,10,0,0,40
56,391926,9,0,0,40
40,140915,13,0,0,40
45,122206,12,0,0,50
22,218215,10,0,0,35
43,190885,4,0,0,38
31,149507,8,0,0,43
35,160120,13,0,0,40
60,202226,10,0,0,44
44,22933,9,0,0,40
51,183173,9,0,0,70
52,106176,13,0,3770,40
69,168139,9,0,0,40
42,210857,13,7688,0,50
49,39140,9,0,0,60
79,84616,7,0,0,7
54,27484,9,0,0,40
37,149347,10,0,0,40
27,311446,10,0,0,60
40,316820,4,4064,0,40
46,171926,14,7430,0,50
57,24384,4,0,0,10
46,233974,9,0,0,35
50,34067,11,0,0,50
37,324947,13,0,0,40
39,46395,13,0,0,40
54,147863,11,5013,0,40
39,129573,13,0,1741,40
54,220115,10,0,0,30
18,240747,9,0,0,40
47,154940,14,0,0,45
45,105779,9,0,0,30
64,192596,9,0,0,30
19,267796,10,0,0,30
19,264876,9,0,0,40
38,322092,9,0,0,40
23,239663,10,2597,0,50
22,326334,10,0,0,35
50,178946,14,0,0,50
34,400943,13,0,0,44
30,278522,7,0,0,40
19,238144,10,0,0,20
21,236696,10,0,0,57
38,94559,13,7688,0,50
63,137192,13,0,0,40
29,283227,13,0,0,40
59,258579,10,3103,0,35
32,269182,10,3887,0,40
26,40032,13,0,0,40
43,355728,9,0,0,40
54,118365,6,0,0,10
28,119793,10,0,0,40
27,208406,13,0,0,30
17,256496,6,0,0,35
60,160625,9,5013,0,40
28,266070,15,0,0,50
39,119421,13,0,0,42
26,291968,13,0,0,40
38,186191,9,0,0,60
25,192273,13,0,0,40
33,206609,9,0,1876,50
35,109351,13,8614,0,45
42,24982,10,7688,0,40
64,285052,10,0,0,10
60,39263,14,3325,0,35
28,33798,11,0,0,40
55,30636,9,4386,0,40
36,102729,10,0,0,40
25,61956,10,0,0,50
60,376133,9,15024,0,15
29,203833,13,0,0,40
53,22154,10,0,0,40
25,219897,14,0,0,35
26,339324,9,0,0,96
51,53197,10,0,0,40
64,352712,11,0,0,55
36,188798,7,0,0,30
34,144798,10,0,0,40
19,425447,9,0,0,40
30,194141,10,0,1617,40
33,209768,13,0,0,40
23,199011,7,0,0,3
22,264710,13,0,0,40
35,60227,9,0,0,40
32,63910,9,0,0,40
62,26966,10,0,0,40
26,167848,9,0,0,40
47,213140,11,7688,0,40
35,109133,9,0,0,40
29,132686,15,0,0,50
70,174032,9,0,0,40
18,120691,10,0,0,35
28,334032,11,0,0,50
21,96483,10,0,0,12
25,112835,14,0,0,40
46,225456,9,0,0,40
36,279615,13,0,0,40
33,185177,9,0,0,40
42,304605,10,0,0,40
49,192349,14,4650,0,40
51,189183,13,0,0,40
31,178841,9,0,0,40
45,173664,13,0,0,45
21,181761,10,0,0,10
27,388998,13,13550,0,46
41,195897,14,0,0,60
34,581025,5,0,0,38
25,216583,13,0,0,43
23,349156,9,0,0,45
43,75993,9,0,0,35
36,262688,10,7688,0,50
42,178074,9,0,0,40
58,318537,8,0,0,40
45,251786,9,0,0,37
61,244261,9,0,0,40
18,97318,9,0,0,35
26,125680,13,0,0,16
58,322691,13,0,0,40
38,107303,9,0,0,40
34,271933,13,0,1741,45
53,172962,15,0,0,40
37,265038,10,0,0,50
53,110747,9,0,0,40
44,192771,9,0,0,40
32,209691,13,0,0,42
24,114292,5,0,0,40
23,183789,9,0,0,40
23,107190,10,0,0,20
34,362775,6,0,0,30
51,263439,13,0,0,40
44,143104,10,0,0,38
23,65225,10,0,0,15
41,240124,10,0,0,50
43,216116,14,0,0,37
50,304955,13,0,0,60
53,225768,11,0,0,40
51,56915,9,0,0,40
48,328610,14,0,0,50
43,248094,9,0,0,44
20,194247,9,0,0,25
43,183273,14,15024,0,32
17,139183,6,0,0,15
46,142210,9,0,0,25
19,243373,8,1055,0,40
43,151089,10,0,0,50
29,337953,11,2885,0,40
23,163665,10,0,0,15
40,183096,13,0,0,35
32,178107,9,0,0,40
23,148751,10,0,0,35
32,24529,10,0,0,50
32,317660,9,7688,0,40
24,361278,10,0,0,40
64,341695,10,0,0,40
47,182752,9,0,0,35
56,403072,10,0,0,50
48,407495,12,0,0,56
47,194772,11,0,0,40
36,172129,5,0,0,40
20,368832,10,0,0,25
46,360593,14,4650,0,44
67,40021,16,0,0,40
50,306790,10,0,0,40
46,110646,12,0,0,56
33,213002,13,0,1408,36
35,308945,9,0,0,40
35,147258,11,0,0,65
72,225780,16,0,0,30
37,148581,9,0,0,50
40,214781,10,7298,0,65
32,400132,13,0,0,40
44,193494,10,0,0,72
41,228847,10,0,0,40
31,196227,9,0,0,40
33,120420,7,0,0,40
34,405713,10,0,0,40
36,294760,11,0,0,50
60,127805,4,0,0,40
27,137063,13,0,0,50
20,238917,7,0,0,32
23,194247,10,0,0,40
44,118212,6,0,0,40
27,301302,16,0,0,20
39,505119,14,0,0,40
31,178449,15,0,0,40
24,190293,13,0,0,40
30,223212,13,0,0,40
46,182689,10,3103,0,35
42,49255,14,4386,0,40
28,230743,12,0,0,40
58,31732,13,0,0,50
38,85399,9,0,0,40
46,187581,9,0,0,40
21,249727,9,0,0,22
33,340332,13,0,0,45
26,245628,7,0,0,20
34,89644,10,0,0,55
52,349502,10,0,0,45
43,323627,10,0,0,12
57,112840,14,0,0,55
36,136629,10,0,0,40
41,190591,9,0,0,20
56,115422,9,0,0,35
28,33662,14,7298,0,40
56,132930,14,0,0,50
32,116539,10,0,0,40
36,295706,9,3674,0,42
30,295010,10,0,0,40
31,114937,13,0,0,35
37,241998,13,0,0,50
32,410615,9,0,1887,60
59,424468,13,0,0,40
37,109133,12,0,1977,45
33,100135,9,0,1740,25
41,34037,9,0,0,40
62,185503,13,0,0,50
43,129298,14,0,0,40
38,260997,10,0,0,40
47,177858,13,27828,0,60
20,390817,3,0,0,25
30,118551,13,0,0,35
46,37718,12,0,1977,50
18,57957,9,0,0,15
38,169469,9,0,0,80
25,108414,9,0,0,40
42,245975,9,0,0,40
27,180262,10,0,0,40
51,263836,9,0,0,30
50,279461,10,0,0,40
20,245611,10,0,0,20
75,95985,3,0,0,10
31,26401,14,0,0,25
22,149342,10,0,0,35
20,38455,9,0,0,10
52,117700,9,0,0,40
54,154949,7,0,0,40
30,110594,9,0,0,40
31,144949,9,0,0,40
26,247025,9,0,0,65
39,251710,6,0,1721,15
20,203240,12,0,0,30
47,469907,12,0,1740,40
32,131379,9,0,0,40
28,107236,8,0,0,40
33,154874,10,0,0,40
65,123965,13,0,0,40
42,183096,10,0,0,40
36,192704,8,4650,0,50
45,210364,9,15024,0,80
39,188069,14,15024,0,50
27,311446,9,5178,0,40
37,24106,9,0,0,30
59,293971,10,0,0,40
52,146767,9,0,0,40
48,355781,13,0,0,40
58,95763,10,0,0,60
35,109204,13,0,0,40
22,412316,9,0,0,40
66,107627,9,0,0,60
65,103824,14,0,0,40
33,188352,14,0,0,50
29,194640,9,0,0,40
51,55507,9,0,0,40
50,172175,15,0,0,40
44,139338,8,0,0,40
54,99434,9,0,0,40
51,74275,9,0,0,40
27,213921,9,0,0,40
56,235136,4,0,0,40
32,364657,10,0,0,50
30,125159,13,14084,0,45
59,99131,9,0,0,18
40,196029,9,0,0,45
58,357788,9,0,0,40
83,153183,13,0,2392,55
25,193701,13,0,0,38
39,154641,9,0,0,60
52,235307,13,0,0,40
21,197387,9,0,0,20
21,204596,12,0,0,8
22,340217,10,0,0,20
35,111635,9,0,0,40
25,264055,13,0,0,40
34,104293,13,0,0,40
49,181717,11,0,0,36
52,155141,16,0,0,40
34,145231,9,4064,0,35
32,123964,10,4386,0,50
24,152540,13,0,0,40
51,93690,9,0,0,40
35,227128,9,0,0,40
42,167678,7,0,0,22
31,213771,9,0,0,36
68,217424,9,0,0,24
42,66755,4,0,0,40
46,53893,10,0,0,40
46,72896,12,0,0,45
39,184659,9,0,0,40
22,193090,9,0,0,37
40,59460,10,0,0,38
41,189941,13,0,0,40
28,330466,13,0,0,40
44,46221,16,0,0,45
40,137421,9,0,0,60
62,149617,10,0,0,16
38,352628,13,0,0,40
35,63921,9,0,0,40
33,56150,13,2174,0,40
23,134997,10,0,0,20
18,184101,10,0,0,25
60,95490,9,0,0,45
31,145377,13,0,0,60
42,163985,9,0,0,27
51,129301,5,0,0,45
24,537222,9,0,0,50
38,65466,13,0,0,50
33,93213,9,0,0,45
28,107218,13,0,0,20
41,66118,10,0,0,25
34,213226,13,0,1485,35
35,107302,13,0,0,40
35,187089,11,0,0,42
45,27184,9,0,0,38
33,182423,9,0,0,40
32,116834,9,0,0,5
50,153064,9,5178,0,40
27,222506,13,0,0,60
37,112497,13,0,0,60
55,98746,10,0,0,50
58,256466,14,7688,0,40
68,214521,15,0,0,16
39,67317,10,0,0,40
41,287037,9,0,0,40
51,163671,13,0,1902,40
39,188503,13,0,0,60
19,138760,9,0,0,40
49,162264,9,0,0,40
38,236648,9,0,0,40
19,287380,10,0,0,27
58,94429,10,0,0,40
30,102130,10,0,0,40
44,24982,10,0,0,40
38,227794,13,0,0,40
22,214731,10,0,0,15
41,200671,13,6497,0,40
42,557349,13,0,0,70
42,246011,13,0,0,55
52,176134,9,0,0,48
57,80149,13,0,1977,40
37,176756,10,0,1485,70
31,189269,9,0,0,40
31,111883,9,0,0,40
55,145214,10,4650,0,20
32,199416,13,0,0,40
51,203435,10,0,0,40
26,49092,9,0,0,40
23,244698,3,0,0,35
33,129707,10,0,0,50
45,363253,10,0,0,50
43,39581,9,0,0,45
67,219687,10,0,0,18
46,189762,12,0,0,56
60,132529,9,0,0,40
25,161235,11,0,0,90
31,258849,11,0,0,40
20,138768,9,0,0,30
48,158924,9,0,0,40
34,318641,13,0,0,45
50,77905,13,0,0,8
21,55465,12,0,0,15
24,198259,13,0,0,40
24,421474,13,0,0,40
61,584259,14,0,0,2
36,138441,10,0,0,40
17,268276,8,0,0,12
20,270517,9,0,0,40
21,311478,9,0,0,45
31,427474,7,0,2179,35
42,47012,13,0,0,40
42,27661,12,7298,0,50
30,77634,9,0,0,40
60,147473,9,0,0,40
56,156229,13,7688,0,40
37,248919,2,0,0,66
54,186224,14,0,0,40
21,301556,9,0,0,19
34,175761,13,0,0,60
60,166153,10,0,0,50
17,452406,7,0,0,15
25,126974,9,0,0,40
43,170230,13,0,0,60
55,145574,9,34095,0,60
23,109053,9,0,0,60
42,102988,14,0,0,55
48,106377,16,0,0,65
39,203204,12,0,0,25
30,149726,13,7688,0,40
34,209101,13,5178,0,55
26,243560,10,0,0,40
18,230373,7,594,0,4
22,200109,9,4508,0,40
25,336320,13,0,0,40
34,159303,14,0,0,30
47,59380,10,0,0,42
48,179337,9,0,0,60
42,190910,9,0,0,45
47,103743,4,0,0,40
47,247379,9,0,0,45
40,91949,16,0,0,40
28,69107,9,0,0,40
36,180686,9,0,0,45
43,398959,10,0,0,40
43,598606,5,0,0,50
55,102058,13,0,0,40
24,106085,9,0,1721,30
34,341051,14,0,0,50
72,194548,10,0,0,3
67,160456,7,0,0,40
33,189265,13,0,0,40
39,370795,9,0,0,40
32,92003,13,0,0,40
46,95256,9,0,0,50
63,86590,9,0,0,32
26,341672,10,0,0,60
56,170217,9,0,0,45
42,152889,6,0,0,45
38,176657,10,0,0,60
46,243190,9,7688,0,40
24,224785,13,0,1876,65
23,233711,9,0,0,50
32,282611,13,0,0,40
24,205839,10,0,0,40
54,108739,7,0,0,40
30,48542,8,0,0,40
35,238802,9,0,0,20
23,199915,9,0,0,21
77,34761,4,0,0,40
20,155818,9,0,0,20
29,174645,7,0,0,52
18,238867,7,0,1602,40
20,282604,10,0,0,20
65,144822,5,0,0,45
50,155434,9,0,0,40
30,251120,12,0,0,40
34,231238,9,0,0,40
45,98092,9,0,0,60
49,118701,9,0,0,40
39,56269,10,0,0,40
17,72321,7,0,0,12
32,220148,9,0,0,40
41,279297,9,0,0,60
49,176341,13,0,0,40
51,215404,13,15024,0,40
20,61777,10,0,0,30
36,218490,13,0,0,45
23,117583,9,0,0,40
43,598995,13,3103,0,40
21,283969,9,0,0,40
36,139743,10,0,0,40
27,211215,9,0,0,50
17,130125,6,1055,0,20
50,54709,9,0,0,46
21,369084,10,0,0,10
34,193285,9,0,0,40
32,313835,14,0,0,40
28,407672,13,0,0,40
23,353696,9,0,0,40
24,304463,10,0,0,65
40,224793,9,0,1719,40
26,104756,9,0,1651,42
77,185426,9,0,0,15
36,379522,9,15024,0,40
39,127048,10,0,0,40
42,65950,9,0,0,40
46,171095,12,0,0,38
40,329924,9,0,0,30
53,380086,9,7688,0,48
43,150533,9,0,0,68
46,102569,14,15024,0,65
40,277507,9,0,1669,40
34,290763,9,0,0,40
29,568490,9,0,0,40
52,177995,2,0,0,56
43,300528,10,0,0,40
24,266971,13,0,0,40
45,59287,13,0,0,40
39,113725,14,8614,0,40
32,217460,5,0,0,50
46,154083,14,0,0,25
26,160300,9,0,0,40
35,186488,9,0,0,50
25,203279,13,0,0,20
36,248263,9,0,0,40
27,472070,11,0,0,40
26,86872,9,0,0,40
60,200235,11,0,0,40
43,64631,9,15024,0,50
24,283757,13,0,0,39
53,22978,14,0,0,50
30,219110,9,0,0,46
55,111130,12,0,0,40
35,207676,10,0,0,40
48,97176,9,0,0,40
24,225724,13,0,0,20
36,185203,9,0,0,40
37,188377,9,0,0,40
43,67243,13,0,0,45
41,188738,9,0,0,27
47,340982,10,3103,0,40
29,199411,11,0,0,40
35,146091,10,0,0,40
33,222162,9,0,0,40
18,213024,10,0,0,30
56,314727,9,0,0,35
67,116502,9,0,0,30
48,108699,9,0,0,40
33,30612,10,0,0,40
21,186314,9,0,0,40
23,183327,9,0,1594,20
35,197719,10,0,0,40
50,447144,14,0,0,40
23,85139,9,0,0,40
50,38310,4,0,0,40
23,55492,11,0,0,30
40,520586,10,0,0,39
31,126501,10,0,0,40
33,188957,13,0,0,40
34,216283,13,0,0,45
29,115549,9,2635,0,40
47,164423,9,0,0,43
51,261207,9,0,0,40
45,379393,10,0,0,45
30,246439,10,0,0,40
26,75654,9,0,0,55
42,168515,11,0,0,40
41,344329,9,0,0,10
23,99408,10,0,0,40
31,217962,10,0,0,40
35,233786,9,0,0,40
60,199378,9,0,0,40
21,40052,10,0,2001,45
24,175778,13,0,0,40
33,198827,9,0,0,40
43,49249,12,0,0,50
32,177216,13,0,0,40
22,201569,13,0,0,20
61,227332,13,0,0,40
42,176286,12,0,0,40
22,277700,10,0,0,20
46,345911,10,0,0,40
40,193537,10,0,0,40
30,241885,10,0,0,40
55,117477,7,0,0,40
36,269509,9,0,0,35
50,313321,12,0,0,40
45,167381,9,0,0,32
51,41414,5,0,0,40
33,155151,10,0,1740,50
33,361497,9,0,0,40
36,207853,13,15024,0,65
33,56701,13,15024,0,75
35,422933,13,0,0,37
54,104421,10,0,0,40
34,154667,9,0,0,40
27,172009,13,0,0,40
39,257250,9,0,0,60
25,60726,9,0,0,30
47,60267,13,0,0,38
53,229465,14,0,0,55
41,56236,9,1506,0,40
40,477345,4,0,2057,40
50,24790,9,0,0,40
58,49884,9,0,0,50
55,183884,9,0,0,45
29,218555,14,0,0,40
51,176969,9,0,0,48
34,204461,14,0,0,50
32,328060,5,0,0,40
49,121238,10,0,0,40
24,33016,10,0,0,40
58,194733,10,0,0,45
46,173243,10,5178,0,40
48,175622,11,0,0,40
24,236769,12,0,0,40
31,77634,11,0,0,42
56,92215,5,0,0,40
35,148334,10,0,0,40
37,212005,11,0,0,40
46,212944,7,0,0,32
38,239045,16,0,0,50
21,228424,6,0,0,40
32,248754,10,0,0,40
32,74501,14,0,0,50
37,122493,9,0,0,45
31,188108,9,4101,0,40
28,595088,10,0,0,63
42,245626,9,0,0,60
53,129301,10,0,0,45
46,282538,11,0,0,40
27,194590,12,0,0,25
48,193047,14,0,0,60
29,191935,9,0,0,40
43,159549,13,0,1902,40
27,266973,9,0,0,60
36,167415,9,0,0,40
42,360879,10,0,0,40
18,220168,10,0,0,16
29,159768,9,3325,0,40
40,308027,9,0,0,40
23,195016,10,0,0,35
33,132565,7,0,0,40
40,74949,10,0,0,40
20,170038,9,0,0,40
38,218188,12,0,0,25
32,198068,9,0,0,40
38,149419,11,0,0,50
56,122390,11,15024,0,40
51,427781,9,0,0,40
42,126333,9,0,0,40
44,55191,15,0,0,40
52,155983,13,0,0,40
35,190226,9,0,0,40
31,191834,9,0,0,40
24,228395,13,0,0,40
40,183765,12,0,0,40
33,361497,9,0,0,40
64,184271,16,0,0,50
35,81232,13,15024,0,50
41,203943,8,0,0,40
34,148291,9,0,0,32
29,73928,13,0,0,15
43,198096,14,0,0,60
26,205036,9,0,0,42
40,110862,13,0,0,50
66,188842,13,0,0,24
32,198901,6,0,0,40
50,188186,14,0,1590,45
45,201080,10,0,0,60
23,162945,4,0,0,35
34,41493,13,0,0,40
37,175232,14,0,0,60
67,102693,9,1086,0,35
49,173411,9,0,0,40
68,211287,14,0,2392,40
19,249787,9,0,0,40
41,144144,9,0,0,30
22,374116,9,0,0,36
46,353012,9,0,0,40
38,64879,10,0,0,40
39,134475,13,0,1762,40
59,318450,13,0,0,50
37,279029,13,0,0,40
53,200576,7,0,0,40
63,339755,13,0,0,50
23,420973,13,0,0,40
48,160220,11,0,0,40
40,210013,9,0,0,50
36,145704,9,0,0,40
28,110145,5,0,0,40
39,289430,3,0,0,50
29,207473,4,0,0,40
33,142675,13,0,0,30
42,384236,14,7688,0,40
37,187046,10,0,0,40
33,217304,13,0,0,40
21,313873,3,0,0,40
17,169037,7,0,0,40
66,41506,6,0,0,40
52,242341,4,0,0,40
29,53434,11,0,0,60
51,140516,14,0,0,40
23,40165,10,0,0,50
35,103710,14,0,0,40
19,382688,6,0,0,20
41,213416,3,0,0,32
51,230095,11,0,0,40
33,213179,10,0,0,40
25,335005,13,0,0,35
52,154728,9,0,0,40
41,101739,12,0,0,50
23,53245,5,0,0,40
47,202117,9,0,0,37
30,44566,13,0,0,40
39,128715,9,0,0,45
29,296450,4,0,0,40
36,185607,9,0,0,30
28,68021,13,0,0,40
46,206889,13,0,0,25
63,205246,9,0,0,40
73,88594,9,0,0,35
34,177675,13,0,0,40
31,31286,11,0,0,40
35,215323,11,0,0,35
45,160173,14,7688,0,50
52,25826,6,0,1887,47
49,387074,10,0,0,40
35,103323,10,0,0,40
37,225860,12,0,0,50
45,144354,5,0,0,40
54,48358,9,0,0,40
19,768659,10,0,0,60
54,114674,10,0,0,40
84,157778,10,0,0,6
42,222978,16,0,0,45
54,230767,12,0,0,40
27,175262,13,0,0,40
43,347653,10,0,0,48
56,95763,6,0,0,45
34,31391,9,0,0,53
30,111567,10,0,0,40
44,53956,10,0,0,57
34,157466,9,0,0,45
35,149347,9,0,0,70
54,206862,9,0,0,36
49,59612,14,0,0,40
60,427248,9,0,0,40
23,73514,9,0,0,40
31,651396,9,0,1594,30
27,163127,11,0,0,35
32,168854,13,0,1848,50
68,176468,9,0,0,24
41,283174,13,99999,0,40
22,137876,10,0,0,20
49,193366,14,0,0,65
60,239576,14,0,0,10
35,117528,13,0,0,40
50,109277,5,0,0,48
48,128796,12,0,0,40
18,220754,7,0,0,24
21,85088,10,0,0,37
55,115439,10,0,0,40
27,159897,9,0,0,37
46,125892,13,0,1977,60
48,138069,3,0,2042,50
26,152035,9,0,0,40
64,181232,7,0,2179,40
54,117674,13,0,0,40
41,98823,13,0,0,50
23,39615,10,0,0,10
32,158438,9,0,0,40
46,155890,13,0,0,40
54,127704,4,0,0,40
29,181434,13,7298,0,40
54,409173,9,0,0,50
25,135568,9,0,0,40
56,101128,12,0,0,25
38,286405,16,0,1887,50
18,219841,7,0,0,12
52,321959,10,0,0,40
45,70754,15,7298,0,60
45,33234,13,0,0,40
34,139890,10,0,0,40
31,151053,10,0,0,34
36,186819,12,0,0,52
48,209146,9,0,0,60
62,52765,5,0,0,40
22,202153,10,0,0,40
51,144522,9,0,0,40
29,148550,9,0,0,40
19,43937,10,0,0,20
34,118710,9,0,0,40
20,217421,9,0,0,40
74,99183,10,0,0,9
38,204640,10,0,0,40
30,211654,14,0,0,40
35,206951,14,0,0,40
21,138580,8,0,0,40
19,209826,10,0,0,15
36,214807,9,0,0,40
23,188950,11,0,0,40
32,311524,9,0,0,38
31,178506,10,0,0,40
41,38876,11,0,0,60
24,50341,13,0,0,40
56,238582,10,0,0,41
64,50442,5,0,0,40
31,118941,10,0,0,40
36,47570,14,0,0,40
48,77102,16,0,0,45
35,102268,13,0,0,45
20,221661,9,0,0,40
26,68346,14,0,0,10
29,154017,9,0,0,10
60,31577,9,0,0,60
37,234807,13,7430,0,45
50,195638,6,0,0,40
65,176219,9,0,0,40
34,136721,9,0,0,40
39,203482,14,7298,0,40
33,292317,5,0,0,40
38,165930,9,0,0,40
36,344351,9,0,0,40
23,185452,13,0,0,35
56,329948,9,0,0,40
65,111916,15,0,0,10
63,310396,5,5178,0,40
36,189674,10,0,0,40
36,37931,9,0,0,48
29,53642,11,0,0,40
22,289982,13,0,0,35
23,119838,13,0,0,50
30,299223,10,0,0,40
62,168682,4,0,0,5
41,233955,14,0,0,45
31,208881,10,0,0,40
33,292465,5,0,0,50
58,126104,14,0,1980,45
51,72436,9,0,0,57
66,127921,9,2050,0,55
33,303867,9,0,0,70
27,133937,14,0,0,40
24,314165,10,0,0,20
29,231507,9,0,0,35
21,161415,10,0,0,50
23,109952,10,0,0,60
36,83471,9,0,0,20
47,180277,9,0,0,40
55,125147,9,0,0,45
53,182186,5,0,0,40
33,181824,9,0,0,20
46,56482,10,0,0,40
41,219155,15,0,0,50
29,192283,10,0,0,20
23,494371,9,0,0,40
59,556688,5,0,0,12
31,257849,9,0,0,40
22,440934,10,0,0,40
25,198813,13,0,1590,40
39,176186,10,0,0,50
28,187981,9,0,0,40
56,267763,9,0,0,40
35,340018,6,0,0,38
24,172152,13,0,0,25
28,54042,11,2463,0,35
50,176773,1,0,0,40
24,194848,13,0,0,40
45,190406,15,25236,0,36
30,203277,9,0,0,60
60,389254,9,0,0,40
44,228516,9,0,0,20
18,36275,9,0,0,25
23,60409,9,0,0,40
82,240491,9,0,0,40
33,34572,9,0,0,40
36,170376,9,0,0,45
37,212437,10,0,0,48
43,88233,10,0,0,60
56,147653,9,0,0,32
58,430005,6,0,0,50
33,186824,7,0,0,40
52,196504,4,0,0,40
57,143266,13,7298,0,60
50,71417,9,3103,0,40
25,632834,9,0,0,40
55,67433,9,0,0,60
22,124810,9,0,0,20
58,289364,10,7688,0,45
32,79586,13,0,0,40
29,360401,10,0,1719,48
44,36271,13,0,0,40
25,74977,10,0,0,40
47,188694,14,15024,0,45
40,216237,13,0,0,45
23,214542,13,0,0,42
54,21698,13,0,0,40
22,89991,10,0,0,11
47,179955,10,0,0,25
70,236055,4,0,0,35
38,180303,13,0,0,50
26,169100,9,0,0,40
17,317702,5,0,0,40
18,183824,8,0,0,30
28,715938,13,0,0,40
45,167159,13,0,0,50
55,174662,9,0,0,32
49,192203,5,0,0,40
53,114758,14,15024,0,65
30,255004,12,0,0,52
35,110188,13,0,0,40
34,27494,9,0,0,48
42,20809,9,0,0,75
27,210313,9,0,0,50
27,200492,13,0,0,40
50,124793,10,0,0,55
45,231013,13,0,0,40
66,115498,13,99999,0,55
42,109501,3,0,0,40
19,138917,10,0,0,20
68,34887,9,0,0,6
34,108247,10,0,0,45
20,204596,8,0,0,20
74,392886,9,0,0,14
27,428030,13,0,0,50
26,68895,9,0,0,50
38,166497,15,0,0,60
55,113398,10,0,0,40
57,317969,9,0,0,50
37,526968,14,0,0,38
47,148995,13,0,2415,60
60,36077,4,0,0,40
31,402089,9,0,0,40
19,355313,9,0,0,40
18,236090,9,0,0,40
43,214781,10,0,0,38
47,40690,10,0,0,40
44,122749,9,0,0,35
19,299050,10,0,0,20
52,231865,9,0,0,46
25,295912,10,0,0,20
23,182342,9,0,0,40
45,350440,9,0,0,40
33,409172,13,0,0,55
18,395026,7,0,0,12
34,152453,8,0,0,40
37,308691,13,0,0,45
48,328606,15,14084,0,63
44,52028,2,0,0,40
44,145522,14,0,0,40
35,143152,10,3908,0,27
29,133846,10,0,0,40
30,226443,14,0,1887,45
49,122584,4,0,0,40
21,152389,10,0,0,30
19,43921,10,0,0,40
29,192010,13,0,0,60
45,36228,13,4386,0,35
30,231263,9,0,0,40
39,189911,7,0,0,40
24,161092,13,0,0,40
42,140915,9,0,0,60
53,135105,13,0,0,50
51,45599,9,0,0,40
17,221797,8,594,0,20
54,140359,4,0,3900,40
36,66173,13,0,0,50
35,268661,10,0,0,50
32,154120,9,0,0,40
38,364782,9,0,0,40
43,106900,13,0,0,40
46,67001,16,0,0,40
42,443508,16,0,0,45
25,230200,13,0,0,40
53,133963,9,0,0,40
46,201865,15,0,0,60
46,231515,12,0,0,47
24,321763,9,0,0,38
50,226735,10,0,0,70
38,65624,9,0,0,40
32,299635,10,0,0,50
34,205152,9,0,0,40
42,222884,13,0,0,55
31,101266,12,0,0,40
33,161942,13,1055,0,40
35,216068,9,0,0,38
33,182556,8,0,0,40
46,208067,9,0,0,40
50,98954,10,0,0,40
62,122033,9,0,0,38
51,124963,13,0,0,40
28,184831,10,0,0,40
21,38772,10,0,0,20
60,142494,10,15024,0,40
69,170458,9,0,0,20
50,240374,14,0,0,40
18,191784,9,0,0,40
21,153209,10,0,0,40
51,179479,9,3325,0,40
47,61885,13,0,0,40
20,162945,10,0,0,40
46,313635,15,4650,0,40
63,110610,6,0,0,50
47,162034,13,0,0,70
20,216436,13,0,0,30
34,124569,10,0,0,40
25,125082,9,0,0,40
61,156653,9,0,0,55
30,145231,12,0,1762,40
40,180032,14,0,1669,40
23,37894,9,0,0,40
32,250853,11,0,0,40
52,233149,14,15024,0,40
45,192360,14,0,1902,50
46,102771,14,0,1977,40
47,160646,11,0,0,35
35,110538,9,0,0,55
37,95336,6,0,0,65
30,129707,13,99999,0,35
32,223267,14,0,0,48
25,260754,13,0,0,40
60,212856,14,0,0,40
50,220640,14,0,0,50
17,271837,10,0,0,16
45,115187,11,0,0,40
32,191385,12,2174,0,40
26,152855,9,0,0,40
41,172828,5,0,0,55
33,202046,13,0,0,45
31,165949,9,0,0,40
48,191277,11,0,0,50
37,112554,9,0,0,45
30,455995,7,0,0,45
39,269323,10,0,0,40
59,98418,9,0,0,20
26,213412,7,0,0,40
30,205204,9,0,0,40
39,154641,11,0,0,40
29,185670,13,0,0,40
68,140852,9,0,0,40
33,348491,10,0,0,40
51,134808,9,0,0,40
49,547108,13,15024,0,40
58,150560,13,14084,0,40
44,366180,13,0,0,50
44,158555,10,0,0,50
29,35032,9,0,0,40
50,200046,14,0,0,50
31,214235,9,0,0,65
26,209051,10,0,0,25
63,272425,11,0,0,40
17,103851,7,0,0,4
29,42881,13,0,0,40
24,195770,10,0,0,40
56,359972,10,0,0,40
37,78374,9,0,0,38
41,67065,11,0,0,40
27,321456,10,0,0,40
40,184682,10,0,0,40
17,19752,7,0,0,25
24,441700,13,0,0,40
21,314645,10,0,0,43
58,34878,13,0,0,50
22,34616,10,0,0,30
26,168552,9,0,0,40
17,35603,7,0,0,16
23,238087,10,0,0,30
51,89652,9,4787,0,24
44,144067,13,0,0,12
26,192652,10,0,0,15
30,197058,12,0,0,40
46,191978,14,0,2392,50
45,161819,7,0,0,25
21,431745,10,0,0,10
39,257942,9,0,0,40
32,160594,10,0,0,35
34,187215,13,15024,0,36
27,109611,5,0,0,37
44,172479,13,7688,0,40
29,1268339,9,0,0,40
64,86972,10,0,0,40
39,160916,5,0,0,40
21,212213,12,0,0,40
70,355536,9,0,0,24
23,260019,4,0,0,36
54,103024,9,0,0,42
37,108320,13,0,0,45
30,190511,9,0,0,40
30,101345,9,0,0,26
27,221252,9,0,0,8
34,118584,13,0,0,40
52,73134,13,0,0,40
26,36201,13,0,0,50
41,205670,9,0,0,40
49,191389,9,0,0,40
54,199741,9,0,2001,35
25,281209,9,0,0,40
40,337456,9,0,0,40
42,344920,10,0,0,50
51,269080,4,0,0,40
19,199495,9,0,0,40
33,204557,9,0,0,40
38,97083,10,0,0,40
37,164526,13,0,0,40
44,194924,9,0,0,35
38,241962,9,0,0,40
59,181070,9,0,0,40
57,174132,14,0,1977,40
35,308489,13,0,0,50
62,41718,6,0,0,35
45,203322,10,0,0,38
27,302406,10,0,0,40
23,228243,10,0,0,44
40,124747,9,7298,0,40
75,316119,10,0,0,8
48,497486,9,1471,0,40
24,273049,13,0,0,42
40,136986,14,99999,0,52
64,64544,10,0,0,12
52,469005,13,0,0,40
28,139903,13,0,0,40
40,277256,13,0,2559,55
29,143582,9,0,0,35
34,203051,9,0,0,50
39,357962,12,0,0,48
43,484861,10,4064,0,38
52,165998,10,0,0,40
30,245211,9,0,2002,43
57,202903,4,1173,0,45
42,337629,8,0,0,60
21,356286,9,0,0,40
49,185041,9,0,0,40
40,223730,14,0,0,38
27,191628,9,2174,0,40
21,148211,9,3674,0,50
50,197322,7,0,0,50
37,243409,9,0,0,40
30,164190,13,0,2258,45
44,103233,13,0,0,40
68,286869,4,0,1668,40
19,174233,10,0,0,24
35,243357,7,0,0,40
19,252752,9,0,0,35
29,232784,12,0,0,40
44,107845,12,0,0,56
26,275703,10,0,0,40
71,137499,9,0,0,16
24,379418,10,0,0,40
46,265105,13,0,0,50
62,101375,6,0,0,40
45,191776,14,25236,0,42
57,114495,9,0,0,60
73,200878,9,0,0,15
47,243631,13,0,0,40
50,94081,9,0,0,40
67,182581,10,20051,0,20
51,172281,13,0,0,35
69,628797,10,0,0,20
21,51262,9,0,0,35
28,167737,14,5178,0,40
45,72393,9,0,0,35
39,159168,11,0,3004,40
20,234640,10,0,0,40
56,183580,13,0,0,30
22,199426,10,0,0,17
38,248919,7,0,0,40
18,41385,9,4508,0,40
61,213321,9,0,0,40
61,359367,10,0,0,40
63,316627,6,0,0,10
59,133201,3,0,0,40
46,216666,5,0,0,40
44,469454,11,7298,0,48
71,100063,9,0,0,40
34,338416,6,0,0,60
44,342434,13,0,0,50
37,261241,10,0,1485,50
53,214868,11,0,2001,40
24,88676,9,0,0,35
43,175669,10,0,0,40
18,210932,9,0,0,40
44,383493,9,0,0,60
54,389182,9,0,0,60
43,220609,10,0,0,50
41,421871,9,0,0,40
18,163787,10,0,0,15
47,195978,9,0,0,40
26,31208,14,0,0,40
17,239346,6,0,0,18
19,105289,6,0,0,20
25,38488,9,0,0,40
29,214881,9,0,0,40
35,379959,9,0,0,40
19,145989,10,0,0,45
47,380922,14,15024,0,50
21,161210,9,0,0,50
46,113390,14,0,1740,60
25,197036,10,0,0,50
50,140516,9,0,0,40
26,179010,10,0,0,65
34,156809,10,0,1504,60
40,199599,6,0,0,40
28,338376,13,0,0,40
66,157942,9,0,0,40
50,221336,10,0,0,40
36,146311,5,0,0,40
21,190805,9,0,0,32
28,37359,11,99999,0,50
38,33001,13,0,0,55
70,148065,10,0,0,4
38,98080,10,0,0,40
52,54933,14,0,0,40
22,123727,10,0,0,30
33,73296,9,1831,0,40
39,76417,14,0,0,40
47,104301,7,0,0,45
38,195686,10,0,0,40
73,139978,7,0,0,40
40,456110,7,0,0,52
32,249409,9,0,0,40
35,92440,8,0,0,50
32,270335,13,0,0,40
31,223212,9,0,0,40
20,191910,9,0,0,40
58,147653,10,0,0,32
56,109856,13,15024,0,50
35,37314,10,5013,0,40
22,175883,9,0,0,40
23,275818,10,0,1974,40
36,84848,9,0,0,16
50,310774,13,0,0,35
49,191277,10,15024,0,50
21,285522,10,0,0,40
42,341638,13,0,0,40
61,115023,11,0,1887,60
29,255949,13,0,0,40
46,125892,14,0,0,50
20,281743,10,0,0,50
64,86837,12,0,0,40
46,295791,9,0,0,30
34,212064,9,7443,0,35
52,195635,9,0,2051,38
23,295254,9,0,0,40
50,166368,9,0,0,40
28,129624,9,0,0,40
43,180985,13,0,0,35
22,215546,12,0,0,55
32,262092,13,7298,0,50
63,85420,10,5013,0,15
43,185670,2,0,0,21
23,204226,10,0,0,40
52,152234,9,99999,0,40
30,255279,9,0,0,20
81,129338,4,0,0,10
58,127539,6,2407,0,25
45,185797,10,3325,0,60
60,114263,13,0,0,40
21,202989,10,0,0,80
25,190418,10,0,0,30
32,137421,9,0,0,40
35,46028,12,0,0,50
34,167558,4,0,0,40
48,191277,16,0,1902,60
39,99270,13,0,0,50
52,225317,3,0,0,40
34,106169,14,0,0,50
32,175856,13,0,1902,40
25,212302,10,0,0,40
46,24367,6,0,0,99
25,95691,9,0,0,30
46,108699,10,0,0,60
40,168071,12,0,0,50
47,23545,10,0,0,40
47,185385,6,0,0,40
47,363418,10,0,0,70
69,107850,14,6514,0,40
51,133069,6,0,0,40
18,126071,9,0,0,40
44,198282,13,15024,0,60
31,164309,10,0,0,38
19,39756,10,0,0,15
17,311288,7,0,0,24
47,200808,7,0,0,35
35,434114,9,0,0,40
27,660870,13,0,0,60
33,175697,13,15024,0,60
47,195963,4,0,0,48
57,199713,9,0,0,55
36,171676,13,0,1741,40
22,274103,13,0,0,10
28,249571,9,0,0,40
30,339773,9,0,0,45
37,167415,15,0,0,60
57,201232,9,0,0,30
43,284403,12,0,0,60
23,197918,10,0,0,40
39,67433,11,4650,0,32
21,216181,10,0,0,35
69,88566,5,1424,0,35
17,183066,6,0,0,25
50,89737,10,0,0,48
23,336010,13,0,0,32
30,108386,11,0,0,40
17,191910,6,0,0,25
38,54816,11,0,0,40
47,151087,9,0,0,40
46,188325,10,0,0,50
34,120461,9,0,0,40
32,341672,13,2174,0,45
53,123011,14,0,0,45
29,59932,13,0,0,40
36,32086,10,7298,0,40
71,235079,1,0,0,10
23,35633,10,0,0,40
36,101460,9,0,0,18
36,97136,13,0,0,40
54,39493,11,0,0,20
32,64658,9,0,0,40
30,169002,13,0,0,40
39,323385,10,0,0,70
20,194504,10,0,0,40
29,33798,9,0,0,45
31,377374,10,0,0,40
40,225823,10,0,0,60
19,184737,9,0,1721,40
63,116993,9,0,0,40
24,308673,9,0,0,30
50,197054,15,0,0,50
36,252231,1,0,0,40
33,37232,10,0,0,80
49,380922,14,15024,0,80
34,185216,10,0,0,40
57,217692,9,0,0,38
31,109055,9,3137,0,45
39,32146,14,0,0,60
47,182655,11,0,0,52
54,288825,9,0,0,40
39,76417,9,0,0,40
27,335421,14,0,0,40
42,208068,13,7298,0,40
50,274528,9,0,0,40
44,171424,13,0,0,40
51,147876,10,0,0,40
51,136322,9,0,1579,40
20,107658,10,0,0,10
22,81145,9,0,0,40
36,199346,14,0,0,50
45,111381,10,0,0,65
29,349116,9,0,0,25
45,181964,10,0,1887,47
50,297551,9,0,0,52
19,307496,10,0,0,23
55,90414,13,0,0,55
61,90051,4,3456,0,44
25,352806,9,0,0,40
23,289116,9,0,0,50
65,143732,9,0,0,40
28,190525,13,0,0,50
70,31540,9,0,0,20
38,237943,15,0,0,50
17,292285,7,0,0,25
52,82285,13,0,0,40
42,118494,10,0,0,44
23,215624,10,0,0,40
46,128460,6,0,0,40
34,180871,13,0,0,55
38,338320,13,0,0,40
36,213008,12,0,0,40
47,131160,13,99999,0,40
31,34572,13,0,0,55
25,98155,10,0,0,40
36,48160,13,0,0,40
26,34309,11,0,0,45
79,124744,10,0,0,20
35,96824,10,0,0,40
23,329174,10,0,0,40
22,72310,7,0,0,65
28,106721,14,0,0,40
37,353298,9,99999,0,50
46,207076,14,0,0,60
28,355259,14,0,0,40
44,209174,13,0,0,70
54,91882,9,0,0,43
79,97082,8,18481,0,45
53,55139,9,0,0,10
29,273051,13,0,0,52
41,190786,13,0,0,20
62,200916,13,0,0,40
31,139455,13,0,0,40
28,19522,10,0,0,40
52,187356,6,0,0,41
58,222247,6,0,1887,40
39,33886,9,0,0,60
32,117369,9,0,0,48
49,192776,14,0,1977,45
51,332489,12,0,0,55
25,242700,10,10520,0,50
33,269605,9,0,0,32
24,243190,12,8614,0,40
22,237498,9,0,0,40
70,170428,13,0,0,20
27,155382,10,0,0,25
26,130931,9,0,0,40
39,156261,10,0,0,38
22,318915,9,0,0,40
22,324637,10,0,0,42
56,42298,5,0,0,40
34,353881,9,0,0,60
44,274363,9,0,0,50
48,192755,13,0,0,55
26,273399,10,0,0,40
18,175752,9,0,0,30
55,186791,9,0,0,40
43,203554,13,0,1902,50
29,81648,9,0,1887,55
45,82797,13,0,0,45
59,199240,9,0,0,20
35,102268,8,0,0,40
27,32452,14,0,0,20
30,107142,13,0,0,37
39,203070,9,0,0,40
31,87891,12,0,0,60
20,126038,10,0,0,20
42,339346,14,0,0,25
29,145490,7,0,0,40
28,109857,11,0,0,40
34,127651,14,0,0,55
38,87282,11,0,0,40
66,140849,9,0,0,25
38,223242,10,0,0,40
22,228516,9,0,0,40
33,394727,6,0,0,40
39,85783,13,0,0,28
28,215014,9,0,0,50
37,126569,9,0,0,40
48,240629,9,0,0,40
34,128016,14,2202,0,40
48,280422,10,0,0,25
53,186224,11,0,0,35
34,182691,9,0,0,44
19,220101,10,0,0,40
46,149337,14,0,0,38
32,80058,7,0,0,43
20,162945,10,0,0,40
25,49092,13,0,0,40
51,254211,14,0,0,50
39,548510,13,0,0,30
33,207267,6,3418,0,35
17,138507,6,0,0,12
56,41100,14,0,0,40
65,221026,9,0,0,20
33,107142,8,0,0,40
17,151141,8,0,0,20
46,52291,13,7688,0,45
65,187493,14,20051,0,40
41,204046,9,0,0,40
20,174714,9,0,0,40
22,200973,12,0,0,12
19,440417,10,0,0,15
42,218948,16,0,0,36
28,110164,10,0,0,24
20,201766,10,0,0,35
35,180647,10,0,0,40
34,58305,9,0,1573,40
22,216181,7,0,0,45
38,300975,14,0,1485,40
25,334267,9,0,0,45
34,177331,10,4386,0,40
40,43711,9,0,0,45
31,181485,13,0,0,40
25,211097,3,0,0,20
20,291979,9,0,0,40
77,88545,10,0,0,8
29,337505,10,0,0,40
51,222883,13,0,0,55
36,148581,9,0,0,55
42,190767,11,0,0,40
35,475324,13,0,0,45
42,445382,13,0,0,45
61,128848,9,3471,0,40
45,35969,14,0,0,60
30,134737,10,0,0,45
38,233571,9,0,0,40
33,256062,10,0,0,35
67,256821,9,0,0,20
40,385266,10,0,0,40
43,95902,12,0,0,40
43,155293,13,0,0,60
32,158002,10,0,0,55
23,197997,9,0,0,30
49,390746,13,0,1672,45
63,124242,9,0,0,40
36,167482,10,0,0,40
50,165001,13,0,0,50
46,142222,10,1151,0,60
30,79190,14,0,0,40
22,216867,3,0,0,48
36,268292,9,0,0,41
48,349230,14,0,0,40
42,270721,13,0,0,32
23,224954,10,0,0,25
72,203523,15,0,0,10
51,123325,15,0,0,40
61,96660,10,15024,0,34
62,97950,13,0,0,6
35,38948,10,0,0,40
24,280134,6,0,0,49
41,190786,11,7298,0,40
39,52645,10,0,0,40
20,161092,10,0,0,14
35,188069,14,13550,0,55
47,146786,11,0,0,40
32,121634,6,0,0,40
67,107138,10,0,0,40
52,145333,13,0,0,60
60,259803,13,0,0,45
31,323985,9,0,0,40
41,116391,10,0,0,40
42,103980,11,0,0,50
61,192060,13,0,0,30
33,104509,10,0,0,40
52,266529,10,0,0,45
46,116143,13,0,0,40
32,215047,4,0,0,40
30,98733,10,0,0,20
68,116993,15,0,0,60
49,174702,10,0,0,35
30,314649,9,0,0,40
36,176289,16,0,0,40
47,45564,10,0,0,40
23,93977,9,0,0,40
23,255252,9,0,0,40
32,280077,9,0,0,60
42,119941,9,0,0,40
24,283613,13,0,0,43
29,133696,13,8614,0,45
40,34739,10,0,0,36
33,311194,7,0,0,17
27,190330,11,0,0,40
26,93806,10,0,0,25
42,150568,10,0,0,45
44,32185,9,0,0,70
47,193047,16,99999,0,50
22,57216,10,0,0,20
48,127675,14,0,0,44
49,149809,1,0,0,40
51,246820,9,7298,0,48
48,216093,13,0,0,40
55,82098,9,0,0,55
56,659558,8,0,0,40
58,301568,5,0,0,40
18,387641,10,0,0,40
73,242769,9,3471,0,40
58,34169,10,3103,0,25
67,118363,13,0,2206,5
56,160829,9,0,0,46
41,179580,10,0,0,36
52,201783,10,7688,0,40
68,52052,11,25124,0,50
49,122066,3,0,2603,40
47,182474,9,0,0,36
52,298215,13,0,0,50
31,136402,12,0,0,40
23,172232,10,0,0,40
23,232512,9,0,0,40
66,179951,13,0,0,70
31,373903,13,0,0,40
31,109917,4,0,0,40
43,125831,13,99999,0,60
26,132749,13,0,0,80
45,22610,10,0,0,40
58,33350,9,0,0,35
31,182539,10,0,0,45
39,270557,14,0,0,50
24,135267,10,0,0,40
28,190525,13,0,0,46
29,247053,9,0,0,40
38,34173,13,0,0,45
27,211184,9,0,0,52
30,391114,9,0,0,60
47,31141,14,0,0,40
24,267843,13,0,0,35
37,265144,13,0,0,50
50,299831,10,0,880,40
24,214399,13,0,0,55
33,163003,9,0,0,41
23,136075,13,0,0,32
24,216181,11,0,0,40
19,84250,10,0,0,15
18,101173,9,0,0,35
25,393456,9,0,0,40
64,108054,9,0,0,22
25,222539,6,2597,0,50
20,235442,10,0,0,35
20,369907,10,0,0,20
40,111336,9,0,0,28
23,53245,13,0,1602,12
52,189216,9,0,0,65
32,167049,8,0,0,40
66,28061,4,0,0,50
33,207201,9,0,0,55
17,94492,7,0,0,19
40,99185,12,0,0,40
48,136455,10,0,0,60
69,200560,13,0,0,20
30,303867,9,0,0,44
26,427744,9,0,0,40
22,97508,9,0,0,50
28,55191,12,0,0,45
60,48788,13,5455,0,55
33,155343,10,0,0,72
28,188171,12,0,0,60
37,262278,11,15024,0,45
70,205860,14,0,0,40
18,348131,7,0,0,20
34,29235,12,0,0,40
41,197069,10,4650,0,40
22,228394,9,0,0,50
31,178623,13,14084,0,60
34,356882,9,0,0,40
29,490332,10,0,0,45
19,426589,9,0,0,15
58,49159,9,0,0,40
58,145574,7,0,0,40
29,142555,14,0,0,42
39,205359,12,0,0,45
31,108322,10,0,0,28
39,29874,9,0,0,54
37,133328,9,0,0,40
52,114758,13,15024,0,50
18,36064,8,0,0,20
42,215219,7,0,0,30
37,115806,9,0,0,60
49,219718,13,15024,0,40
40,216116,5,0,0,40
33,158416,9,0,0,40
19,369164,9,0,0,40
18,295607,6,0,0,40
28,288731,13,0,0,20
59,167027,10,0,0,40
25,191230,10,0,0,40
50,159219,13,0,0,40
32,340580,9,0,0,45
38,153685,7,0,0,52
31,128016,13,0,0,40
63,29859,4,7688,0,60
31,162442,13,0,0,40
20,177787,10,0,0,20
52,135716,9,0,0,70
62,181782,9,0,0,15
50,98215,9,0,0,40
29,193932,9,0,0,40
39,214816,13,0,0,60
18,469921,10,0,0,40
49,226871,9,0,0,40
34,178615,9,0,0,40
22,270436,9,0,0,40
33,156464,9,0,0,40
21,132053,10,0,1721,35
44,569761,11,0,0,40
47,162741,12,15024,0,40
21,207923,10,0,0,15
61,226297,13,0,0,40
45,281574,10,6849,0,43
47,239321,13,0,0,40
30,247328,11,0,0,40
67,176835,10,0,0,40
36,193855,9,0,0,40
31,308540,10,0,0,40
68,274096,6,0,0,20
61,167284,4,0,0,40
27,104017,10,0,1902,30
57,192869,9,0,0,72
53,77927,3,0,0,50
81,184762,10,0,0,25
28,158737,8,0,0,40
51,49017,9,0,0,24
62,176965,4,0,0,40
67,150516,4,0,0,24
30,183017,9,0,0,40
18,98044,7,0,0,40
40,21189,13,0,0,32
40,256202,11,0,0,40
34,209297,9,0,2001,40
20,47541,10,0,0,30
30,29522,10,0,0,40
30,260782,9,0,0,40
57,99364,5,0,0,40
47,125120,13,0,0,50
30,164309,9,0,0,35
46,171228,9,3411,0,35
36,152621,10,0,0,40
30,175856,14,0,0,38
34,33117,9,0,0,40
53,231865,8,0,0,40
46,366089,15,15024,0,40
59,198435,9,0,0,50
43,253759,9,0,0,45
50,195784,8,0,0,40
34,220362,13,0,0,40
36,220696,9,0,0,40
56,193818,5,0,0,40
65,90377,11,6767,0,60
42,184682,12,0,0,40
26,192213,14,0,0,40
69,144056,10,0,0,40
42,96524,13,0,0,40
27,156266,9,0,0,20
29,59732,9,0,0,40
30,258170,9,0,0,40
37,218249,7,0,0,30
35,198341,13,0,0,40
18,342852,9,0,0,40
29,115677,7,0,0,42
46,90042,10,0,0,40
40,126868,9,0,0,40
43,193459,7,0,0,40
44,37618,9,0,0,40
62,139391,4,0,0,40
20,143964,9,0,0,40
42,154374,13,0,0,40
31,190401,14,0,0,40
44,109912,13,0,0,16
32,164519,13,0,0,55
19,225775,10,0,0,45
19,169324,10,0,0,10
37,191137,12,0,0,25
23,195767,9,0,0,40
60,227468,10,0,0,40
28,144833,10,0,0,40
34,56026,9,0,0,60
42,113461,9,0,0,40
41,211873,11,0,1628,5
34,381153,9,0,0,40
36,300373,6,0,0,40
29,383745,10,0,1485,40
27,202239,9,0,0,40
23,234663,9,0,0,40
50,24139,14,0,0,65
45,235431,9,0,0,40
25,178478,13,0,0,40
23,259301,9,0,0,40
36,210458,9,0,0,60
34,434463,13,0,0,39
42,67243,2,0,0,55
34,214288,9,0,0,40
27,108574,9,0,0,40
33,43959,14,7688,0,50
30,202450,9,0,0,40
25,58441,13,0,0,40
18,298860,8,0,0,20
46,188325,9,0,0,40
30,152453,7,0,0,40
34,186824,13,0,0,40
28,248404,10,0,0,60
28,87239,9,0,0,50
51,43705,14,0,0,54
47,98012,14,7688,0,40
54,146834,10,0,0,40
24,154165,5,0,0,40
54,335177,9,0,0,45
46,209057,14,0,0,50
36,187411,14,0,0,50
38,245090,5,0,0,40
49,199763,10,0,0,35
28,308493,9,0,0,17
32,174215,10,0,0,40
34,43959,9,0,0,50
37,105813,11,7298,0,40
26,18827,10,0,0,40
35,188243,9,0,0,48
25,207258,5,0,0,40
43,176138,13,0,0,50
46,280030,3,0,0,40
51,204447,10,0,0,45
20,174461,9,0,0,5
52,123011,15,0,0,50
36,188236,9,0,0,40
32,291414,16,0,0,35
38,230329,9,0,0,48
33,150657,13,0,0,40
46,149640,13,0,0,45
43,175133,10,0,0,35
39,145933,13,15024,0,55
48,278039,9,0,0,60
21,176486,10,0,0,30
36,168055,13,5178,0,40
63,67903,5,0,0,40
39,242922,9,0,0,35
36,111128,13,0,0,48
34,303867,5,0,0,40
58,98361,9,0,0,50
36,526968,6,0,0,40
50,93690,9,0,0,40
55,125000,15,0,0,60
27,210765,11,0,0,40
35,62333,13,0,0,40
35,115214,9,6497,0,65
20,33551,9,0,0,40
18,183274,7,594,0,30
44,127482,10,7688,0,40
30,229051,5,0,0,37
45,195554,9,0,0,45
46,162852,9,0,0,40
36,162256,9,0,0,40
26,288781,13,0,0,42
44,232421,9,0,0,32
40,374367,11,0,0,44
47,265097,9,4386,0,40
35,65706,9,0,0,40
62,210142,11,0,0,50
21,107801,10,0,0,3
45,44671,10,0,0,40
30,175413,9,0,0,35
55,178282,9,0,0,40
49,72619,10,0,0,50
28,451742,9,0,0,40
44,320984,10,5178,0,60
26,192022,13,0,0,40
37,208358,9,0,0,40
24,186495,9,0,0,32
41,227890,10,0,0,46
31,182896,9,0,0,40
42,293791,13,0,0,50
27,191129,10,0,0,40
40,146906,14,0,0,50
23,175266,10,0,0,40
52,42984,15,0,0,70
48,50459,9,0,0,40
29,48895,9,0,0,50
57,157271,7,0,0,54
30,92531,13,0,0,40
43,273230,10,0,0,50
57,74156,9,0,0,30
27,198346,13,0,0,35
23,177287,10,0,0,40
49,239625,14,0,0,40
31,235389,4,0,0,30
35,216035,9,0,0,40
32,164243,9,0,0,60
51,156877,5,0,0,60
59,105592,10,0,0,12
26,272986,12,0,0,8
33,251117,3,0,0,40
36,549174,9,0,0,40
37,143774,13,0,0,40
39,65027,10,0,0,43
38,189092,11,0,0,43
31,120461,10,0,0,40
28,119793,11,10520,0,50
28,175343,13,0,0,40
30,60426,9,0,0,40
57,231232,4,0,0,40
33,174789,10,0,0,50
45,273194,9,3325,0,40
50,145409,9,0,0,50
31,298871,16,0,0,40
38,283293,9,0,0,40
45,347025,4,0,0,21
25,242729,13,0,0,20
20,83141,9,0,0,40
41,210922,10,0,0,55
41,291831,14,0,0,35
54,346014,10,0,0,40
45,92374,10,13550,0,60
28,271012,9,0,0,40
45,46406,14,0,0,36
53,157947,9,0,0,40
37,189922,12,0,0,50
23,318483,9,0,0,40
28,60772,13,0,0,45
17,32763,6,0,0,15
49,349151,9,3411,0,40
57,152030,10,0,0,25
23,156513,9,0,0,40
34,101345,13,0,0,40
23,519627,9,0,0,25
63,174817,9,0,0,32
21,213015,9,2176,0,40
49,136455,13,0,0,45
58,217802,14,7688,0,45
32,204470,10,0,0,99
44,112494,10,0,0,40
52,198186,6,0,0,40
26,182332,11,0,0,40
33,213226,9,0,0,60
46,202560,9,0,0,40
27,93021,9,0,0,40
47,142287,13,0,0,35
36,229533,9,0,0,40
26,90980,11,0,0,55
50,92486,10,0,0,40
51,220537,9,0,0,40
65,194920,9,0,0,10
45,206459,10,0,0,40
35,196178,9,0,0,40
36,245521,4,0,0,35
57,27459,9,0,0,40
28,64940,10,0,0,30
25,109080,10,0,0,55
58,177368,9,0,0,40
35,56352,11,0,0,40
19,149823,10,0,0,20
34,149368,15,0,0,40
50,92811,13,0,0,40
20,188950,10,0,0,25
42,33126,12,0,0,60
39,100669,10,0,0,40
22,136767,9,0,0,30
29,107458,13,0,0,50
46,184169,14,7688,0,35
28,195607,9,0,0,40
23,176486,11,0,0,36
75,254167,6,0,0,60
23,355856,13,0,0,20
51,180195,9,0,0,50
29,259226,7,0,0,48
80,30680,4,0,0,35
61,192085,9,0,0,15
36,162029,9,3325,0,40
26,253899,13,0,0,40
44,262684,9,0,1504,45
42,54651,15,0,0,40
36,98515,11,0,0,40
47,278322,10,7688,0,40
34,330301,4,0,0,40
29,70100,9,0,0,80
33,202450,9,0,0,40
49,181363,14,0,0,45
24,190709,10,0,0,65
53,231472,14,15024,0,50
18,118847,8,0,0,20
40,321758,9,0,0,40
62,272209,9,0,0,99
34,137991,13,0,0,35
58,185459,9,0,0,45
36,51089,13,0,0,60
22,64292,9,0,0,40
35,176837,9,0,0,40
44,291568,9,0,0,40
45,211399,14,7298,0,40
22,195532,9,0,0,40
28,51461,9,0,0,40
27,105817,13,0,0,45
30,49358,8,0,0,40
31,46807,13,0,0,40
21,216867,10,0,0,40
43,350379,3,0,0,40
20,141453,10,0,0,10
42,201520,14,0,1902,43
49,104542,9,0,0,40
32,156464,9,0,0,40
38,133935,9,0,0,41
33,137814,9,0,0,32
34,209691,11,4386,0,50
46,274200,10,0,0,40
34,196164,9,0,0,35
22,103805,10,0,0,36
22,332194,10,0,0,40
41,289669,9,0,0,40
47,206659,10,0,0,40
63,76286,14,0,0,40
18,261714,10,0,0,15
38,308686,13,0,0,70
56,202435,9,0,0,30
23,164231,7,0,0,35
36,65624,13,0,0,40
54,191659,3,0,0,40
44,153132,13,7688,0,52
18,51789,10,0,0,8
44,128586,13,0,0,40
35,129764,9,0,0,45
44,193882,13,0,0,40
39,107302,13,0,0,35
26,206600,13,0,0,40
43,150519,10,0,0,40
29,143139,6,0,0,40
63,114752,13,0,0,35
33,452924,9,0,0,40
19,242941,10,0,1602,10
44,132849,14,0,0,40
18,173585,7,0,0,15
44,343190,10,0,1887,55
36,356838,16,0,0,50
47,156417,10,0,0,20
72,128529,9,0,0,28
20,181370,10,0,0,40
38,193372,10,0,0,40
44,138966,9,0,0,38
38,255941,14,10520,0,50
37,234901,10,0,0,50
20,245297,10,0,0,20
35,24126,10,0,0,40
23,396099,9,0,0,25
46,201699,9,0,0,40
29,245226,9,0,0,40
23,168997,10,0,0,40
33,278736,11,0,0,50
45,219632,9,0,0,40
59,357118,13,0,0,40
38,205852,13,0,0,40
61,284710,15,0,1902,45
17,34019,7,0,0,20
38,421446,13,0,0,50
52,180195,13,0,0,40
47,77660,10,15024,0,50
37,174912,9,0,0,40
25,122999,9,0,0,40
45,312678,14,0,0,38
49,107373,6,0,0,99
17,216086,7,0,0,30
26,195562,9,0,0,40
24,102258,13,0,0,40
28,181776,10,0,0,40
40,249039,9,0,0,40
42,137390,9,0,0,40
29,276345,9,0,0,50
37,202683,9,0,0,40
45,40666,13,0,0,40
51,246519,6,2105,0,45
64,342494,9,0,0,40
31,56964,10,0,0,40
28,65171,10,0,0,70
34,274577,9,0,0,40
28,416577,9,2829,0,40
37,188279,9,0,0,40
45,163434,9,0,0,40
33,37070,14,0,0,60
25,257574,13,0,0,20
49,188823,9,0,0,42
26,102264,10,0,0,40
62,120939,10,0,0,40
30,170449,14,0,0,40
28,175262,9,0,0,40
51,340588,2,0,0,54
30,209900,13,0,0,40
22,103277,10,0,0,20
53,29557,10,0,0,40
41,76625,12,0,0,40
90,227796,12,6097,0,45
30,232475,9,0,0,40
17,182158,6,0,0,30
38,197077,9,0,0,40
40,154374,15,0,0,60
22,188544,11,0,0,30
46,330416,10,0,0,40
35,330664,9,0,0,40
36,82743,12,0,0,55
46,114328,10,0,0,40
21,121023,10,0,0,9
64,277657,9,0,0,24
51,96586,10,0,0,40
20,140764,10,0,0,20
38,171150,12,0,0,40
44,202872,10,0,0,25
39,80680,10,0,0,40
50,211319,13,7298,0,50
37,29814,9,0,0,85
26,246156,6,0,0,24
27,176683,9,0,0,40
39,65382,10,0,0,40
29,543477,10,0,0,40
44,160323,9,0,0,40
36,116608,9,4865,0,40
37,117381,14,0,0,45
40,131899,10,0,0,40
81,247232,6,2936,0,28
55,79662,9,0,0,60
37,123211,9,0,0,44
26,78258,11,0,0,36
52,112959,10,0,0,40
34,325792,10,0,0,40