,0,1,2,3
583982,66701.0,93.0,9.0,8000.0
104580,61401.0,41.0,11.0,35000.0
467323,63401.0,18.0,9.0,0.0
593961,66702.0,64.0,13.0,27600.0
954253,66125.0,28.0,13.0,49000.0
55464,60900.0,47.0,6.0,12000.0
352061,62409.0,44.0,14.0,51000.0
628378,65401.0,73.0,8.0,19820.0
1182062,68109.0,73.0,13.0,12700.0
1076876,68001.0,23.0,9.0,20100.0
29619,60500.0,59.0,8.0,0.0
494035,63600.0,49.0,9.0,2080.0
22916,60400.0,19.0,9.0,0.0
1083229,67801.0,39.0,5.0,0.0
556772,63800.0,36.0,9.0,24000.0
498926,64000.0,42.0,10.0,90000.0
520319,64300.0,24.0,9.0,0.0
847754,66110.0,57.0,11.0,40000.0
701714,65415.0,38.0,1.0,0.0
208727,62601.0,22.0,9.0,0.0
703934,65415.0,70.0,3.0,18000.0
66579,61102.0,52.0,11.0,27000.0
185033,61902.0,58.0,5.0,104000.0
1035206,67606.0,54.0,2.0,2100.0
387122,62713.0,70.0,11.0,12200.0
33251,60600.0,75.0,9.0,28000.0
470910,63402.0,61.0,13.0,62100.0
664638,65409.0,38.0,12.0,94000.0
771790,66101.0,41.0,11.0,125000.0
854509,66111.0,23.0,10.0,25600.0
699781,65413.0,61.0,9.0,0.0
927550,66120.0,67.0,14.0,14000.0
380113,62704.0,52.0,9.0,45000.0
268657,62205.0,19.0,11.0,0.0
634658,65402.0,43.0,13.0,54000.0
447990,63002.0,40.0,1.0,42200.0
504117,64100.0,33.0,9.0,0.0
279571,62207.0,60.0,5.0,3000.0
819615,66104.0,45.0,16.0,26000.0
53337,60900.0,33.0,4.0,830.0
497646,63600.0,36.0,10.0,29030.0
1151203,68105.0,42.0,12.0,22500.0
673378,65410.0,67.0,13.0,251000.0
371962,62702.0,32.0,13.0,12700.0
949684,66125.0,67.0,9.0,8800.0
706961,65415.0,66.0,4.0,0.0
53252,60900.0,22.0,13.0,8400.0
206302,62500.0,38.0,4.0,0.0
1126358,68101.0,59.0,9.0,0.0
656497,65407.0,35.0,13.0,75250.0
70313,61103.0,39.0,9.0,12000.0
94902,61301.0,51.0,11.0,29600.0
125602,61502.0,24.0,13.0,24340.0
417738,62711.0,46.0,14.0,325000.0
861424,66112.0,41.0,11.0,15600.0
312563,62401.0,38.0,14.0,12000.0
722741,65414.0,20.0,8.0,12000.0
1076620,68001.0,35.0,8.0,5000.0
901984,66119.0,72.0,11.0,8600.0
928969,66121.0,27.0,11.0,41000.0
414749,62710.0,72.0,9.0,10400.0
237635,62105.0,42.0,14.0,345000.0
467910,63401.0,31.0,9.0,0.0
1221169,68116.0,51.0,10.0,50870.0
134597,61503.0,49.0,11.0,57000.0
740653,65421.0,21.0,9.0,0.0
99748,61302.0,24.0,10.0,39600.0
833987,64900.0,83.0,6.0,15100.0
997305,67400.0,47.0,11.0,17900.0
708711,65416.0,64.0,12.0,13600.0
1210651,68115.0,77.0,14.0,0.0
571842,63903.0,66.0,9.0,26680.0
142697,61505.0,31.0,11.0,25000.0
859205,66112.0,63.0,1.0,4000.0
161822,61800.0,54.0,9.0,10400.0
105176,61401.0,33.0,13.0,48000.0
412874,62710.0,47.0,9.0,0.0
425085,62801.0,20.0,8.0,12000.0
400886,62707.0,79.0,9.0,9200.0
266275,62204.0,27.0,13.0,23000.0
1216779,68115.0,32.0,13.0,0.0
1137697,68107.0,67.0,6.0,37200.0
1048332,67601.0,34.0,10.0,18000.0
874043,66117.0,83.0,7.0,8900.0
233876,62104.0,54.0,13.0,0.0
831121,64900.0,68.0,9.0,29400.0
14538,60300.0,52.0,12.0,7200.0
111197,61402.0,50.0,13.0,70000.0
1146850,68104.0,43.0,11.0,83000.0
62246,61101.0,49.0,2.0,30000.0
620371,66602.0,39.0,9.0,52200.0
70447,61103.0,37.0,11.0,36000.0
924448,66120.0,64.0,9.0,31400.0
789749,66106.0,53.0,13.0,64000.0
296140,62304.0,35.0,14.0,57000.0
1102639,68002.0,29.0,1.0,99000.0
188524,61902.0,32.0,6.0,9400.0
710879,65416.0,58.0,15.0,42000.0
411896,62710.0,39.0,9.0,67200.0
187079,61902.0,73.0,8.0,15600.0
689385,65412.0,57.0,10.0,8700.0
384998,62705.0,61.0,13.0,43000.0
169653,63100.0,23.0,2.0,0.0
13143,60200.0,50.0,13.0,32000.0
180366,63200.0,31.0,7.0,39200.0
361185,62410.0,35.0,16.0,10000.0
1137932,68107.0,31.0,10.0,0.0
1150227,68104.0,79.0,2.0,18800.0
629262,65401.0,48.0,14.0,85000.0
999921,67100.0,39.0,13.0,35000.0
200428,62002.0,59.0,10.0,13000.0
46725,60800.0,77.0,13.0,34800.0
1220747,68116.0,26.0,12.0,10600.0
994421,67400.0,25.0,13.0,22504.0
1101556,68002.0,78.0,11.0,171000.0
561404,63901.0,37.0,8.0,10400.0
1184821,68110.0,50.0,12.0,36170.0
779461,66105.0,19.0,8.0,55000.0
670547,65410.0,34.0,9.0,44000.0
29867,60500.0,57.0,9.0,26300.0
732882,65419.0,61.0,7.0,61000.0
872220,66116.0,34.0,3.0,15000.0
559032,63901.0,34.0,4.0,10000.0
583725,66701.0,79.0,9.0,8000.0
492014,63503.0,74.0,2.0,16500.0
713850,65416.0,78.0,13.0,26900.0
882704,66118.0,60.0,3.0,7900.0
366230,62701.0,30.0,15.0,40020.0
532672,64404.0,42.0,12.0,8600.0
142864,61505.0,42.0,9.0,9000.0
1014503,67501.0,38.0,10.0,10300.0
14470,60300.0,46.0,14.0,56000.0
918397,65703.0,22.0,13.0,5300.0
474440,63402.0,71.0,4.0,24840.0
334684,62406.0,75.0,16.0,9200.0
424467,62801.0,50.0,13.0,44000.0
296587,62304.0,44.0,13.0,329000.0
1055412,67603.0,26.0,9.0,7200.0
440044,63001.0,58.0,8.0,14000.0
449714,63002.0,58.0,14.0,18000.0
550928,64407.0,40.0,9.0,17000.0
1115974,68005.0,20.0,7.0,5700.0
704242,65415.0,44.0,9.0,20000.0
1170344,68108.0,38.0,12.0,0.0
434872,62900.0,66.0,1.0,0.0
131306,61504.0,79.0,12.0,51200.0
655396,65407.0,19.0,4.0,0.0
1193986,68112.0,88.0,2.0,4800.0
352783,62409.0,32.0,14.0,7000.0
1130764,68101.0,19.0,9.0,11000.0
1001363,67100.0,71.0,1.0,4500.0
1025673,66900.0,41.0,1.0,1500.0
803641,66108.0,41.0,12.0,2000.0
225017,62102.0,77.0,10.0,160400.0
421797,62712.0,18.0,7.0,0.0
449207,63002.0,52.0,12.0,59500.0
149256,61601.0,68.0,9.0,6400.0
588946,66701.0,26.0,11.0,7400.0
916375,65703.0,51.0,13.0,72230.0
530940,64404.0,21.0,11.0,9700.0
544749,64406.0,84.0,9.0,15300.0
418533,62711.0,32.0,13.0,22800.0
1156495,68105.0,42.0,2.0,3800.0
1025791,66900.0,50.0,9.0,11000.0
941872,66123.0,32.0,9.0,50000.0
391141,62714.0,39.0,7.0,35000.0
1206622,68114.0,55.0,9.0,6000.0
399397,62707.0,35.0,14.0,120000.0
928974,66121.0,60.0,5.0,26000.0
284911,62301.0,76.0,3.0,6270.0
776994,65200.0,27.0,5.0,4800.0
228789,62103.0,36.0,14.0,70100.0
1067187,67607.0,49.0,13.0,40000.0
1164797,68106.0,59.0,13.0,25000.0
554909,63800.0,39.0,9.0,0.0
569704,63903.0,18.0,7.0,11000.0
1024732,66900.0,59.0,14.0,72000.0
1100125,68002.0,40.0,9.0,5600.0
1083729,67802.0,20.0,9.0,0.0
340603,62407.0,21.0,11.0,2000.0
124490,61502.0,46.0,9.0,50060.0
840612,65000.0,20.0,11.0,0.0
99541,61302.0,78.0,4.0,0.0
1107034,68004.0,20.0,13.0,0.0
344772,62408.0,51.0,9.0,20000.0
35321,60600.0,23.0,13.0,13300.0
405751,62708.0,68.0,11.0,26420.0
1154426,68105.0,46.0,12.0,36000.0
767472,64700.0,42.0,10.0,75000.0
942599,66123.0,47.0,11.0,10300.0
669017,65409.0,33.0,9.0,0.0
762848,64600.0,31.0,9.0,21000.0
309204,62401.0,39.0,14.0,59000.0
715654,65416.0,20.0,7.0,35500.0
710248,65416.0,26.0,8.0,0.0
344459,62407.0,56.0,9.0,4800.0
357915,62410.0,50.0,13.0,70000.0
785086,66106.0,36.0,7.0,62000.0
326830,62404.0,45.0,1.0,16000.0
818535,66103.0,50.0,14.0,52040.0
1199491,68113.0,85.0,3.0,10000.0
107160,61401.0,56.0,13.0,1800.0
186419,61902.0,18.0,9.0,15000.0
496228,63600.0,21.0,9.0,14000.0
1136468,68107.0,76.0,9.0,4900.0
296848,62304.0,77.0,11.0,38300.0
246590,62107.0,46.0,11.0,120200.0
1211942,68115.0,34.0,3.0,0.0
711622,65416.0,64.0,14.0,90400.0
289456,62302.0,36.0,9.0,12000.0
91983,61301.0,28.0,8.0,22500.0
1075231,68001.0,59.0,11.0,12000.0
801971,66108.0,32.0,9.0,17500.0
894830,66115.0,20.0,11.0,0.0
241564,62106.0,42.0,10.0,25500.0
417466,62711.0,48.0,13.0,125000.0
48315,60800.0,31.0,12.0,0.0
392842,62714.0,53.0,1.0,48600.0
1007795,67300.0,18.0,10.0,0.0
190853,62001.0,24.0,9.0,30000.0
294575,62304.0,46.0,9.0,30000.0
968599,67604.0,74.0,13.0,36100.0
601712,66200.0,64.0,1.0,0.0
864279,65900.0,80.0,14.0,65100.0
3440,60100.0,64.0,14.0,41300.0
296817,62304.0,42.0,15.0,4000.0
1054228,67603.0,45.0,11.0,60000.0
797540,66107.0,56.0,13.0,48500.0
46801,60800.0,30.0,11.0,17800.0
736350,65420.0,54.0,9.0,0.0
604684,66300.0,37.0,9.0,0.0
1129864,68101.0,46.0,13.0,40000.0
743971,65422.0,32.0,3.0,18600.0
874721,66117.0,53.0,15.0,22000.0
406394,62709.0,44.0,3.0,0.0
166713,61800.0,21.0,7.0,0.0
1037858,67606.0,47.0,10.0,44150.0
968142,67604.0,68.0,13.0,11800.0
1051427,67602.0,48.0,10.0,0.0
32042,60500.0,42.0,9.0,11000.0
1011604,67501.0,31.0,5.0,21000.0
480214,63501.0,78.0,9.0,8600.0
1165081,68106.0,23.0,10.0,20000.0
391332,62714.0,23.0,6.0,7200.0
119497,61501.0,32.0,12.0,33000.0
832611,64900.0,60.0,14.0,1300.0
8658,60200.0,64.0,11.0,3600.0
511331,64401.0,36.0,10.0,740.0
141421,61505.0,73.0,4.0,8300.0
432975,62802.0,54.0,6.0,4000.0
820553,66104.0,18.0,10.0,1800.0
1059326,67603.0,36.0,4.0,25700.0
769724,66101.0,39.0,7.0,0.0
1122484,68200.0,38.0,9.0,63000.0
630216,65401.0,44.0,15.0,104000.0
486572,63503.0,28.0,7.0,8400.0
1089742,67900.0,50.0,13.0,35400.0
825181,66104.0,33.0,13.0,52000.0
402290,62708.0,46.0,12.0,26000.0
449357,63002.0,66.0,15.0,24000.0
501529,64000.0,20.0,7.0,0.0
5392,60100.0,49.0,7.0,12500.0
1218457,68116.0,33.0,10.0,52500.0
461022,63302.0,63.0,13.0,35400.0
308539,62401.0,28.0,13.0,24200.0
996015,67400.0,27.0,11.0,30900.0
751041,65423.0,30.0,1.0,0.0
412271,62710.0,50.0,11.0,68000.0
60009,61101.0,19.0,9.0,3200.0
734405,65420.0,61.0,9.0,56200.0
443494,63001.0,68.0,14.0,5000.0
401397,62708.0,36.0,14.0,325000.0
296231,62304.0,43.0,11.0,44000.0
722631,65414.0,43.0,13.0,46000.0
358279,62410.0,68.0,9.0,11100.0
985760,66801.0,45.0,11.0,8000.0
452856,63301.0,47.0,11.0,25000.0
220532,62102.0,62.0,11.0,87500.0
580277,63702.0,59.0,2.0,12400.0
1017887,67502.0,36.0,7.0,27000.0
68153,61102.0,34.0,12.0,32000.0
1181500,68109.0,25.0,9.0,22000.0
812162,66102.0,60.0,11.0,0.0
907454,65701.0,79.0,13.0,8000.0
975987,67605.0,77.0,13.0,2450.0
616857,66601.0,42.0,3.0,12000.0
528811,64403.0,32.0,7.0,30000.0
1021355,67502.0,29.0,2.0,12000.0
865767,66000.0,62.0,1.0,27000.0
1133937,68101.0,52.0,14.0,74000.0
1161425,68103.0,22.0,11.0,12000.0
653224,65407.0,72.0,10.0,197000.0
209387,62601.0,21.0,11.0,0.0
400543,62707.0,78.0,13.0,82400.0
111619,61402.0,80.0,14.0,0.0
526454,64403.0,30.0,9.0,0.0
849184,66110.0,40.0,8.0,0.0
462497,63302.0,59.0,11.0,50400.0
903949,65701.0,41.0,11.0,40000.0
1087464,67802.0,20.0,10.0,750.0
744221,65422.0,49.0,6.0,10000.0
697863,65413.0,42.0,14.0,43000.0
981625,66801.0,39.0,14.0,57000.0
923402,65600.0,79.0,6.0,141100.0
115940,61403.0,34.0,15.0,144000.0
589996,66702.0,42.0,9.0,30000.0
733316,65419.0,62.0,13.0,53000.0
37016,60600.0,62.0,16.0,57000.0
927393,66120.0,57.0,1.0,15600.0
247455,62108.0,48.0,12.0,24000.0
266677,62204.0,59.0,13.0,35000.0
766352,64700.0,27.0,12.0,26600.0
486521,63503.0,87.0,6.0,5300.0
548396,64407.0,88.0,9.0,13300.0
812686,66102.0,49.0,9.0,20000.0
601878,66200.0,59.0,12.0,0.0
913711,65703.0,68.0,10.0,95000.0
871769,66116.0,23.0,11.0,35000.0
705382,65415.0,26.0,13.0,30000.0
625445,65401.0,51.0,10.0,66320.0
116377,61403.0,78.0,9.0,34700.0
765952,64700.0,57.0,13.0,64000.0
99259,61302.0,52.0,9.0,70000.0
709268,65416.0,82.0,9.0,21660.0
1127187,68101.0,93.0,9.0,8300.0
525529,64403.0,58.0,8.0,0.0
600795,66200.0,26.0,3.0,8300.0
563593,63902.0,54.0,14.0,78000.0
1100964,68002.0,72.0,13.0,16000.0
1192611,68112.0,48.0,14.0,50000.0
212373,62602.0,24.0,11.0,1500.0
855894,66111.0,21.0,9.0,12500.0
767972,64700.0,18.0,8.0,4200.0
722744,65414.0,75.0,9.0,148400.0
42231,60700.0,75.0,7.0,8500.0
9198,60200.0,21.0,12.0,0.0
160729,61700.0,40.0,12.0,15000.0
138369,61505.0,54.0,12.0,60150.0
769942,66101.0,50.0,14.0,51420.0
1117596,68005.0,33.0,11.0,20000.0
895805,66115.0,45.0,1.0,11050.0
879738,66118.0,51.0,12.0,23700.0
355231,62409.0,72.0,11.0,6400.0
891250,66114.0,25.0,12.0,12600.0
821302,66104.0,81.0,7.0,8800.0
448928,63002.0,65.0,13.0,28200.0
523592,64300.0,36.0,11.0,9600.0
1114259,68005.0,75.0,13.0,152400.0
1095018,68003.0,84.0,10.0,13200.0
636340,65403.0,32.0,8.0,0.0
413856,62710.0,37.0,5.0,850.0
421699,62712.0,59.0,11.0,44000.0
221302,62102.0,32.0,15.0,100000.0
197954,62002.0,44.0,9.0,9500.0
978655,67605.0,40.0,9.0,35200.0
72234,61103.0,45.0,9.0,6000.0
806815,66109.0,18.0,7.0,5100.0
422073,62712.0,50.0,12.0,35000.0
55954,60900.0,23.0,13.0,3100.0
479061,63501.0,58.0,13.0,62000.0
1053686,67602.0,32.0,11.0,50000.0
920039,65600.0,28.0,12.0,54000.0
117198,61403.0,93.0,7.0,25800.0
726182,65418.0,25.0,1.0,3600.0
1008710,67300.0,48.0,13.0,80300.0
841251,65000.0,35.0,8.0,1500.0
650216,65406.0,39.0,11.0,0.0
885877,66113.0,28.0,5.0,5000.0
548652,64407.0,20.0,9.0,0.0
239389,62106.0,32.0,9.0,42000.0
707775,65416.0,27.0,7.0,0.0
1209709,68114.0,83.0,11.0,4700.0
1155107,68105.0,19.0,9.0,12000.0
1207040,68114.0,51.0,10.0,26670.0
95450,61301.0,21.0,9.0,1600.0
291503,62303.0,44.0,12.0,40000.0
7422,60200.0,29.0,11.0,34100.0
553366,63800.0,25.0,13.0,28410.0
842621,65300.0,31.0,9.0,17700.0
1191573,68111.0,59.0,5.0,0.0
162883,61800.0,30.0,9.0,26000.0
503020,64100.0,33.0,9.0,74000.0
593389,66702.0,38.0,13.0,15000.0
975303,67605.0,38.0,13.0,50000.0
10035,60200.0,58.0,6.0,15600.0
939802,65500.0,41.0,2.0,24000.0
86632,61000.0,22.0,11.0,23000.0
1221071,68116.0,26.0,9.0,19100.0
1191001,68111.0,35.0,13.0,58500.0
946054,66124.0,74.0,3.0,8300.0
845187,65300.0,32.0,9.0,24000.0
858710,66112.0,48.0,11.0,71000.0
130492,61504.0,48.0,9.0,80000.0
1124282,68101.0,28.0,6.0,2600.0
1191497,68111.0,51.0,11.0,20000.0
312656,62401.0,25.0,13.0,10300.0
1107345,68004.0,19.0,10.0,3000.0
166012,61800.0,52.0,13.0,21400.0
525109,64403.0,39.0,13.0,19000.0
850637,66110.0,25.0,9.0,35000.0
365156,62701.0,70.0,9.0,11300.0
1022566,66900.0,34.0,12.0,48000.0
349077,62408.0,20.0,12.0,0.0
699225,65413.0,25.0,12.0,12000.0
786074,66106.0,19.0,11.0,5000.0
21203,60400.0,21.0,6.0,2900.0
711940,65416.0,29.0,11.0,20000.0
1210952,68115.0,78.0,13.0,1100.0
455703,63301.0,18.0,9.0,20010.0
601565,66200.0,29.0,8.0,3000.0
372307,62702.0,48.0,13.0,36400.0
1050401,67602.0,76.0,9.0,13800.0
431156,62802.0,76.0,3.0,8300.0
532947,64404.0,40.0,9.0,10700.0
1016159,67502.0,44.0,3.0,16000.0
446653,63002.0,63.0,12.0,13700.0
1040913,67606.0,71.0,3.0,8300.0
958184,66126.0,44.0,13.0,41000.0
141813,61505.0,46.0,11.0,70000.0
108305,61401.0,27.0,6.0,3400.0
794469,65800.0,57.0,2.0,13400.0
458716,63301.0,38.0,5.0,0.0
229054,62103.0,23.0,11.0,9600.0
1158882,68103.0,39.0,10.0,15000.0
510905,64401.0,23.0,11.0,3400.0
572313,63701.0,49.0,11.0,37000.0
180402,63200.0,69.0,9.0,12000.0
264416,62204.0,51.0,1.0,0.0
112058,61402.0,44.0,13.0,9600.0
325222,62404.0,19.0,9.0,6300.0
549902,64407.0,43.0,7.0,29300.0
432132,62802.0,54.0,14.0,59600.0
694557,65413.0,66.0,9.0,6200.0
977535,67605.0,44.0,12.0,3600.0
529355,64403.0,36.0,11.0,0.0
913191,65702.0,47.0,1.0,8300.0
1011144,67501.0,60.0,12.0,40000.0
58494,61101.0,47.0,12.0,137000.0
672897,65410.0,22.0,6.0,19200.0
1111254,68004.0,60.0,13.0,30400.0
955253,66125.0,35.0,13.0,90000.0
223756,62102.0,47.0,11.0,35010.0
643669,65405.0,59.0,3.0,13500.0
399956,62707.0,60.0,11.0,0.0
909534,65702.0,18.0,11.0,0.0
379540,62704.0,58.0,13.0,27000.0
812176,66102.0,29.0,3.0,12800.0
136006,61503.0,43.0,11.0,75000.0
61675,61101.0,43.0,10.0,34080.0
525753,64403.0,79.0,9.0,22700.0
228315,62103.0,43.0,11.0,45000.0
1158428,68103.0,73.0,7.0,30000.0
1070337,67700.0,20.0,9.0,12000.0
755110,65424.0,41.0,3.0,0.0
378533,62703.0,44.0,11.0,7000.0
305140,62306.0,42.0,9.0,7200.0
29636,60500.0,43.0,10.0,16000.0
1030025,67200.0,39.0,9.0,62000.0
103942,61303.0,30.0,12.0,23200.0
472,60100.0,26.0,9.0,32000.0
333960,62405.0,57.0,11.0,27900.0
454285,63301.0,53.0,4.0,21000.0
302855,62305.0,31.0,15.0,101000.0
760622,64500.0,46.0,3.0,9000.0
537466,64405.0,48.0,2.0,26000.0
199081,62002.0,66.0,11.0,19100.0
994364,67400.0,26.0,11.0,30000.0
1012010,67501.0,49.0,5.0,13100.0
569819,63903.0,63.0,1.0,8400.0
357329,62410.0,45.0,13.0,82200.0
917967,65703.0,56.0,13.0,103000.0
803551,66108.0,22.0,11.0,9000.0
361567,62701.0,56.0,13.0,40600.0
852287,66110.0,18.0,9.0,0.0
1192,60100.0,77.0,9.0,0.0
414930,62710.0,63.0,9.0,10200.0
674763,65410.0,49.0,15.0,325000.0
110846,61402.0,80.0,9.0,38500.0
75143,61103.0,37.0,9.0,3000.0
235360,62104.0,36.0,13.0,35000.0
162169,61800.0,24.0,12.0,6004.0
1148990,68104.0,54.0,9.0,0.0
1074622,68001.0,58.0,3.0,12000.0
18588,60300.0,46.0,4.0,0.0
732981,65419.0,25.0,11.0,16000.0
1041459,67606.0,29.0,11.0,30000.0
25229,60400.0,53.0,10.0,64400.0
936626,66122.0,26.0,14.0,80000.0
763923,64600.0,50.0,9.0,67100.0
106982,61401.0,39.0,7.0,14800.0
1193602,68112.0,60.0,12.0,14000.0
303942,62306.0,63.0,13.0,0.0
725285,65418.0,19.0,11.0,2100.0
760140,64500.0,42.0,11.0,50000.0
655738,65407.0,27.0,3.0,16000.0
1184540,68110.0,52.0,10.0,27600.0
894777,66115.0,46.0,1.0,7600.0
153144,61602.0,25.0,8.0,14000.0
665250,65409.0,48.0,11.0,8300.0
822652,66104.0,51.0,13.0,335000.0
577298,63702.0,52.0,12.0,18000.0
460364,63302.0,30.0,11.0,31900.0
546120,64406.0,56.0,11.0,70200.0
574184,63701.0,62.0,11.0,0.0
995524,67400.0,60.0,9.0,22000.0
921784,65600.0,69.0,11.0,21100.0
654150,65407.0,38.0,13.0,37600.0
567309,63902.0,25.0,11.0,5900.0
546741,64406.0,24.0,9.0,1000.0
1060223,67603.0,45.0,4.0,25000.0
180953,61901.0,38.0,9.0,40000.0
242350,62106.0,29.0,11.0,65000.0
166978,61800.0,50.0,9.0,12000.0
714657,65416.0,31.0,6.0,0.0
110807,61402.0,24.0,13.0,1860.0
120177,61501.0,20.0,7.0,0.0
852358,66110.0,43.0,9.0,12000.0
640514,65405.0,34.0,9.0,11000.0
945302,66123.0,39.0,11.0,61000.0
1207100,68114.0,36.0,9.0,6000.0
272150,62205.0,42.0,13.0,19000.0
983476,66801.0,55.0,12.0,24830.0
1128080,68101.0,22.0,10.0,12500.0
664755,65409.0,56.0,11.0,7500.0
128420,61504.0,42.0,12.0,36000.0
140589,61505.0,54.0,11.0,55100.0
1218100,68116.0,31.0,13.0,48000.0
755714,65424.0,29.0,13.0,23000.0
1153435,68105.0,47.0,9.0,72000.0
1001149,67100.0,42.0,1.0,8300.0
518853,64300.0,37.0,13.0,52000.0
639883,65405.0,57.0,14.0,50000.0
293715,62303.0,55.0,15.0,50000.0
758183,64500.0,69.0,10.0,13000.0
921687,65600.0,37.0,11.0,0.0
142536,61505.0,49.0,12.0,61000.0
766804,64700.0,85.0,9.0,24900.0
600678,66200.0,27.0,5.0,7800.0
1122343,68200.0,44.0,1.0,0.0
976691,67605.0,21.0,7.0,12000.0
978755,67605.0,22.0,9.0,3900.0
61860,61101.0,75.0,7.0,48500.0
713778,65416.0,31.0,7.0,0.0
399666,62707.0,38.0,13.0,30000.0
1073953,68001.0,82.0,11.0,20500.0
1206742,68114.0,31.0,11.0,19000.0
56423,60900.0,74.0,11.0,0.0
498277,64000.0,26.0,7.0,150.0
411544,62710.0,36.0,12.0,40000.0
212819,62602.0,29.0,11.0,46000.0
489843,63503.0,58.0,14.0,50500.0
15058,60300.0,62.0,9.0,0.0
161539,61800.0,43.0,9.0,5000.0
303365,62305.0,30.0,7.0,22000.0
247622,62108.0,48.0,9.0,0.0
556817,63800.0,50.0,13.0,51200.0
866340,66000.0,20.0,7.0,1700.0
518984,64300.0,48.0,9.0,26000.0
1060917,67607.0,25.0,11.0,12050.0
219195,62101.0,36.0,9.0,0.0
783236,66105.0,56.0,1.0,0.0
84525,61202.0,57.0,13.0,54100.0
192055,62001.0,44.0,10.0,12000.0
295959,62304.0,40.0,9.0,10000.0
870541,66116.0,23.0,13.0,30000.0
804826,66109.0,57.0,2.0,16800.0
257112,62202.0,38.0,12.0,26500.0
289544,62302.0,79.0,12.0,6000.0
858479,66112.0,42.0,1.0,52000.0
638790,65403.0,68.0,11.0,38000.0
1119113,68200.0,42.0,12.0,83000.0
586854,66701.0,83.0,6.0,11040.0
464172,63401.0,41.0,10.0,19000.0
624915,65401.0,40.0,13.0,110000.0
854025,66111.0,27.0,9.0,15700.0
939896,65500.0,31.0,11.0,7500.0
514412,64401.0,45.0,9.0,0.0
932429,66122.0,41.0,13.0,135000.0
1199592,68113.0,48.0,13.0,68350.0
94820,61301.0,65.0,11.0,52700.0
410536,62709.0,52.0,8.0,68000.0
778144,65200.0,35.0,8.0,16000.0
998093,67400.0,73.0,15.0,162700.0
347520,62408.0,39.0,13.0,85000.0
408513,62709.0,27.0,13.0,26900.0
349153,62408.0,32.0,8.0,0.0
310813,62401.0,21.0,11.0,8400.0
343328,62407.0,22.0,8.0,1300.0
181359,61901.0,80.0,11.0,11900.0
1047056,67601.0,44.0,12.0,0.0
810273,66102.0,42.0,13.0,15000.0
1019737,67502.0,87.0,3.0,7200.0
1179835,68109.0,58.0,9.0,27000.0
627491,65401.0,23.0,11.0,23000.0
948172,66124.0,71.0,8.0,7200.0
499815,64000.0,22.0,8.0,11000.0
137278,61503.0,56.0,13.0,35000.0
25500,60400.0,54.0,14.0,28500.0
1206856,68114.0,31.0,12.0,0.0
934941,66122.0,52.0,4.0,0.0
1002395,67100.0,24.0,9.0,28000.0
568259,63903.0,60.0,7.0,90000.0
423444,62712.0,29.0,8.0,35000.0
613698,66500.0,39.0,9.0,0.0
383108,62705.0,35.0,9.0,21000.0
240992,62106.0,58.0,11.0,7750.0
606496,66300.0,45.0,10.0,140000.0
432974,62802.0,18.0,10.0,1000.0
843563,65300.0,18.0,9.0,2400.0
478067,63501.0,48.0,11.0,27000.0
642727,65405.0,28.0,9.0,11000.0
415007,62710.0,44.0,3.0,13000.0
790485,65100.0,59.0,9.0,7200.0
446268,63002.0,41.0,3.0,3000.0
560020,63901.0,19.0,5.0,0.0
393565,62706.0,31.0,9.0,40000.0
489548,63503.0,39.0,9.0,31800.0
990332,66802.0,30.0,6.0,0.0
617461,66601.0,18.0,4.0,500.0
1004118,67100.0,28.0,8.0,13000.0
953637,66125.0,43.0,11.0,24450.0
194859,62002.0,22.0,9.0,0.0
1186601,68110.0,47.0,9.0,7000.0
784978,66106.0,22.0,9.0,12000.0
1150080,68104.0,58.0,9.0,0.0
145313,61506.0,53.0,7.0,60000.0
1064096,67607.0,31.0,13.0,48100.0
1077788,68001.0,40.0,9.0,0.0
456693,63301.0,54.0,11.0,27000.0
920684,65600.0,25.0,9.0,35000.0
698144,65413.0,30.0,13.0,24100.0
819334,66104.0,25.0,13.0,25000.0
908387,65702.0,23.0,4.0,20000.0
490123,63503.0,31.0,8.0,8300.0
453266,63301.0,83.0,11.0,17500.0
835094,64900.0,24.0,13.0,0.0
289204,62302.0,41.0,13.0,22000.0
1039387,67606.0,45.0,5.0,6100.0
633706,65402.0,46.0,1.0,19500.0
818760,66103.0,23.0,13.0,20000.0
537406,64405.0,19.0,11.0,2000.0
998207,67400.0,49.0,8.0,38800.0
1208573,68114.0,33.0,3.0,17810.0
610090,66400.0,57.0,13.0,329000.0
361106,62410.0,21.0,11.0,0.0
482148,63502.0,31.0,7.0,21300.0
311407,62401.0,60.0,10.0,25000.0
1223910,68116.0,20.0,9.0,13000.0
760503,64500.0,23.0,11.0,17100.0
1086217,67802.0,20.0,11.0,2100.0
306316,62306.0,41.0,2.0,0.0
476488,63402.0,79.0,9.0,8800.0
561300,63901.0,43.0,8.0,4650.0
1148896,68104.0,85.0,1.0,7000.0
299587,62305.0,45.0,11.0,355000.0
775781,65200.0,75.0,2.0,8300.0
22148,60400.0,67.0,11.0,7000.0
1152852,68105.0,34.0,9.0,13000.0
401944,62708.0,24.0,13.0,0.0
29035,60500.0,30.0,8.0,20820.0
196857,62002.0,55.0,10.0,1400.0
1028386,67200.0,29.0,12.0,28000.0
240963,62106.0,48.0,11.0,70300.0
140052,61505.0,62.0,11.0,18300.0
633191,65402.0,29.0,12.0,48000.0
1174885,68109.0,45.0,13.0,327000.0
992038,66802.0,72.0,8.0,5400.0
752019,65424.0,21.0,7.0,7600.0
654015,65407.0,29.0,9.0,0.0
486725,63503.0,80.0,6.0,7400.0
936533,66122.0,61.0,13.0,56000.0
281522,62301.0,40.0,11.0,20000.0
322420,62403.0,50.0,11.0,52900.0
813832,66102.0,39.0,15.0,55000.0
907513,65701.0,38.0,13.0,48000.0
500578,64000.0,28.0,5.0,3800.0
159674,61700.0,59.0,11.0,22500.0
88896,61000.0,79.0,11.0,6720.0
798564,66107.0,25.0,9.0,14200.0
776703,65200.0,34.0,7.0,43000.0
703350,65415.0,67.0,6.0,7200.0
1035328,67606.0,27.0,5.0,5400.0
1161537,68103.0,18.0,8.0,0.0
1057750,67603.0,33.0,9.0,0.0
174776,63100.0,41.0,3.0,870.0
861712,65900.0,45.0,2.0,16000.0
399612,62707.0,70.0,9.0,53600.0
945147,66123.0,18.0,8.0,0.0
22075,60400.0,19.0,3.0,11000.0
728506,65418.0,43.0,1.0,32200.0
1176615,68109.0,45.0,1.0,650.0
718065,65417.0,33.0,9.0,16300.0
920309,65600.0,35.0,11.0,35000.0
1483,60100.0,68.0,9.0,15400.0
921106,65600.0,73.0,9.0,19600.0
480813,63501.0,24.0,10.0,14400.0
144633,61506.0,45.0,11.0,20000.0
804213,66108.0,48.0,12.0,80200.0
284756,62301.0,23.0,9.0,31500.0
670235,65409.0,35.0,8.0,6000.0
361943,62701.0,29.0,14.0,74000.0
169221,61800.0,57.0,10.0,7000.0
868944,66000.0,20.0,9.0,1200.0
953230,66125.0,31.0,12.0,40000.0
727210,65418.0,65.0,9.0,148600.0
407145,62709.0,81.0,11.0,12600.0
1179084,68109.0,49.0,14.0,32000.0
457353,63301.0,21.0,9.0,11800.0
110355,61402.0,51.0,12.0,65000.0
515920,64402.0,27.0,9.0,17300.0
1079824,67801.0,29.0,9.0,18000.0
57221,60900.0,34.0,9.0,17000.0
591095,66702.0,27.0,13.0,36500.0
896733,66115.0,23.0,11.0,16000.0
572650,63701.0,33.0,13.0,72000.0
191398,62001.0,31.0,11.0,0.0
1167175,68108.0,61.0,11.0,7300.0
15552,60300.0,49.0,9.0,40300.0
316005,62402.0,42.0,13.0,36000.0
998380,67100.0,47.0,13.0,34000.0
130875,61504.0,44.0,11.0,56000.0
665439,65409.0,38.0,13.0,51000.0
909393,65702.0,24.0,9.0,29600.0
59642,61101.0,37.0,9.0,49000.0
187559,61902.0,31.0,14.0,67500.0
11379,60200.0,19.0,11.0,3000.0
1053788,67602.0,54.0,14.0,100000.0
771750,66101.0,19.0,11.0,0.0
649216,65406.0,39.0,3.0,0.0
164427,61800.0,46.0,11.0,26000.0
834813,64900.0,45.0,10.0,65000.0
945383,66123.0,24.0,9.0,0.0
1047145,67601.0,51.0,15.0,85000.0
1136466,68107.0,54.0,9.0,8000.0
364948,62701.0,29.0,14.0,120000.0
383436,62705.0,38.0,13.0,67000.0
108786,61402.0,20.0,7.0,0.0
279338,62207.0,58.0,11.0,17000.0
911486,65702.0,31.0,3.0,21000.0
1169698,68108.0,52.0,14.0,68000.0
478393,63501.0,69.0,12.0,58900.0
1129183,68101.0,21.0,9.0,12000.0
213238,62602.0,40.0,12.0,70000.0
114434,61403.0,57.0,11.0,24250.0
186751,61902.0,53.0,11.0,69000.0
574851,63701.0,46.0,13.0,33000.0
431415,62802.0,32.0,10.0,15000.0
1178447,68109.0,47.0,13.0,72000.0
974358,67605.0,76.0,9.0,10100.0
723447,65414.0,47.0,7.0,11500.0
246630,62107.0,27.0,9.0,0.0
1075533,68001.0,79.0,11.0,8200.0
264556,62204.0,39.0,13.0,325840.0
21849,60400.0,29.0,9.0,27500.0
28789,60500.0,45.0,4.0,50000.0
780990,66105.0,26.0,14.0,37000.0
480905,63501.0,45.0,13.0,73200.0
336949,62406.0,20.0,9.0,6000.0
791505,65100.0,27.0,1.0,11600.0
481104,63501.0,27.0,6.0,15000.0
319095,62402.0,29.0,11.0,46000.0
667995,65409.0,36.0,7.0,0.0
165526,61800.0,33.0,10.0,7820.0
1196936,68112.0,51.0,13.0,111400.0
497549,63600.0,29.0,11.0,7300.0
524271,64403.0,29.0,11.0,25300.0
387971,62713.0,59.0,13.0,73000.0
959765,66126.0,36.0,13.0,8600.0
516218,64402.0,42.0,9.0,33300.0
102471,61303.0,35.0,9.0,0.0
252719,62201.0,19.0,10.0,9000.0
736821,65420.0,69.0,10.0,32400.0
242636,62106.0,61.0,14.0,5600.0
580616,63702.0,83.0,10.0,118800.0
11340,60200.0,71.0,3.0,12600.0
776959,65200.0,46.0,12.0,87000.0
257429,62202.0,66.0,4.0,14800.0
922808,65600.0,44.0,13.0,45000.0
1045151,67601.0,36.0,13.0,31000.0
79788,61201.0,76.0,7.0,23800.0
954882,66125.0,34.0,11.0,17000.0
943603,66123.0,61.0,8.0,7200.0
1098138,68003.0,42.0,8.0,55000.0
262732,62203.0,61.0,12.0,9550.0
521939,64300.0,63.0,11.0,44000.0
526160,64403.0,18.0,5.0,10500.0
385219,62705.0,30.0,13.0,229000.0
966072,67000.0,39.0,7.0,51000.0
788778,66106.0,47.0,13.0,46000.0
375662,62703.0,45.0,3.0,33400.0
952047,66125.0,43.0,9.0,90000.0
473003,63402.0,34.0,1.0,4000.0
944255,66123.0,36.0,4.0,12500.0
593782,66702.0,65.0,12.0,33200.0
414147,62710.0,38.0,13.0,60150.0
87972,61000.0,47.0,5.0,13700.0
508930,64200.0,27.0,11.0,0.0
328184,62404.0,55.0,14.0,78010.0
54073,60900.0,18.0,10.0,800.0
1185214,68110.0,37.0,11.0,45000.0
1068651,67700.0,39.0,4.0,2000.0
545315,64406.0,56.0,7.0,13000.0
777140,65200.0,19.0,11.0,0.0
536912,64405.0,19.0,9.0,10000.0
638201,65403.0,79.0,7.0,18600.0
336821,62406.0,70.0,9.0,24100.0
338519,62406.0,27.0,3.0,20000.0
933304,66122.0,40.0,13.0,50204.0
526282,64403.0,38.0,5.0,49850.0
691031,65412.0,73.0,7.0,17100.0
942647,66123.0,25.0,12.0,0.0
906914,65701.0,29.0,9.0,74000.0
198813,62002.0,21.0,9.0,2000.0
374957,62703.0,38.0,13.0,20000.0
1037701,67606.0,44.0,2.0,0.0
793388,65100.0,88.0,11.0,13200.0
271905,62205.0,21.0,9.0,4300.0
829044,64800.0,38.0,9.0,15000.0
999442,67100.0,29.0,9.0,12000.0
666969,65409.0,59.0,15.0,50000.0
1149338,68104.0,18.0,9.0,2400.0
306092,62306.0,71.0,8.0,11600.0
377203,62703.0,66.0,9.0,34800.0
313259,62401.0,44.0,14.0,20590.0
1114542,68005.0,50.0,11.0,90000.0
759175,64500.0,28.0,7.0,0.0
273911,62206.0,42.0,13.0,65000.0
873646,66117.0,39.0,9.0,24000.0
12010,60200.0,64.0,9.0,22000.0
1137149,68107.0,23.0,9.0,25500.0
1010192,67501.0,49.0,11.0,16200.0
1209666,68114.0,56.0,13.0,65000.0
1170752,68108.0,29.0,11.0,53000.0
305507,62306.0,22.0,3.0,0.0
555259,63800.0,26.0,6.0,0.0
1146588,68104.0,68.0,9.0,14300.0
1209719,68114.0,34.0,14.0,55000.0
208336,62601.0,33.0,4.0,12000.0
861464,66112.0,63.0,13.0,23240.0
812535,66102.0,77.0,10.0,13200.0
242735,62106.0,33.0,14.0,72500.0
976730,67605.0,43.0,10.0,59700.0
119910,61501.0,77.0,5.0,39000.0
977833,67605.0,67.0,9.0,14200.0
1183395,68110.0,64.0,13.0,11830.0
762329,64600.0,22.0,7.0,0.0
313951,62402.0,86.0,8.0,14100.0
301255,62305.0,36.0,9.0,14000.0
1129052,68101.0,32.0,14.0,55000.0
406772,62709.0,36.0,11.0,0.0
1091348,67900.0,40.0,12.0,13000.0
1120268,68200.0,39.0,12.0,0.0
82367,61202.0,38.0,7.0,1200.0
527354,64403.0,52.0,11.0,22600.0
1130473,68101.0,41.0,15.0,43000.0
16664,60300.0,35.0,7.0,6000.0
694905,65413.0,29.0,13.0,242000.0
97460,61302.0,29.0,13.0,25000.0
636611,65403.0,60.0,11.0,48000.0
424566,62801.0,82.0,9.0,34600.0
692471,65413.0,75.0,8.0,8300.0
350767,62409.0,43.0,4.0,5800.0
52122,60900.0,62.0,11.0,17000.0
139760,61505.0,38.0,11.0,24000.0
33932,60600.0,47.0,1.0,1400.0
320846,62403.0,31.0,13.0,15000.0
1040323,67606.0,29.0,1.0,11000.0
659897,65408.0,55.0,13.0,237000.0
392180,62714.0,22.0,6.0,0.0
1076316,68001.0,27.0,12.0,47000.0
1009751,67300.0,19.0,11.0,8500.0
962328,67000.0,20.0,11.0,1500.0
371196,62702.0,34.0,13.0,0.0
354682,62409.0,61.0,14.0,340600.0
316315,62402.0,38.0,1.0,43000.0
1012216,67501.0,64.0,12.0,38100.0
705799,65415.0,64.0,12.0,22080.0
169286,61800.0,45.0,16.0,57000.0
897851,66115.0,31.0,14.0,50000.0
412200,62710.0,30.0,12.0,31700.0
941059,66123.0,22.0,7.0,18000.0
868157,66000.0,51.0,12.0,27800.0
811389,66102.0,48.0,7.0,0.0
643176,65405.0,21.0,9.0,6000.0
76422,61201.0,29.0,13.0,8600.0
246905,62107.0,58.0,11.0,148000.0
791343,65100.0,48.0,7.0,33500.0
67220,61102.0,19.0,10.0,2100.0
788724,66106.0,19.0,10.0,0.0
112119,61402.0,45.0,13.0,325000.0
960810,66126.0,60.0,16.0,462000.0
779627,66105.0,58.0,3.0,50000.0
1185752,68110.0,69.0,13.0,0.0
843494,65300.0,27.0,3.0,12000.0
599199,66200.0,24.0,6.0,0.0
1016044,67502.0,89.0,9.0,5000.0
170364,63100.0,34.0,12.0,40000.0
689698,65412.0,47.0,9.0,0.0
447065,63002.0,58.0,13.0,22600.0
700470,65415.0,18.0,6.0,5500.0
114461,61403.0,38.0,13.0,79000.0
1109433,68004.0,62.0,12.0,54400.0
879030,66118.0,44.0,13.0,50000.0
750979,65423.0,22.0,5.0,0.0
239406,62106.0,51.0,9.0,60000.0
516093,64402.0,33.0,3.0,23400.0
1208797,68114.0,42.0,11.0,8100.0
722222,65414.0,75.0,1.0,4800.0
585130,66701.0,35.0,9.0,6450.0
1125291,68101.0,20.0,1.0,12600.0
569569,63903.0,22.0,11.0,8000.0
1149518,68104.0,43.0,11.0,30000.0
1042435,67606.0,29.0,8.0,12000.0
1201835,68113.0,48.0,13.0,1200.0
303444,62305.0,48.0,12.0,88800.0
851931,66110.0,23.0,11.0,30020.0
327009,62404.0,27.0,7.0,0.0
632861,65402.0,44.0,13.0,12000.0
796283,65800.0,53.0,12.0,70000.0
773272,66101.0,37.0,9.0,57000.0
1010535,67501.0,23.0,8.0,12000.0
504065,64100.0,55.0,5.0,0.0
1095121,68003.0,75.0,9.0,0.0
873124,66117.0,54.0,14.0,73690.0
1200670,68113.0,56.0,15.0,18200.0
1153841,68105.0,50.0,9.0,0.0
154992,61602.0,46.0,9.0,8400.0
983205,66801.0,29.0,9.0,55700.0
317172,62402.0,37.0,3.0,0.0
507527,64200.0,33.0,3.0,0.0
306407,62306.0,27.0,12.0,21000.0
896037,66115.0,26.0,11.0,33300.0
264841,62204.0,26.0,13.0,32000.0
344565,62407.0,28.0,13.0,90000.0
947548,66124.0,24.0,8.0,30000.0
802302,66108.0,38.0,13.0,75000.0
12432,60200.0,82.0,10.0,57100.0
851885,66110.0,25.0,14.0,30000.0
844332,65300.0,19.0,9.0,10000.0
1118245,68200.0,46.0,9.0,68800.0
467906,63401.0,36.0,4.0,23500.0
592337,66702.0,51.0,13.0,106800.0
1149054,68104.0,42.0,13.0,98000.0
1160719,68103.0,50.0,11.0,30000.0
276180,62206.0,29.0,10.0,25000.0
941406,66123.0,39.0,10.0,43000.0
983562,66801.0,21.0,9.0,26000.0
448282,63002.0,34.0,9.0,70100.0
1037925,67606.0,31.0,13.0,25000.0
235111,62104.0,69.0,10.0,7200.0
841155,65000.0,38.0,11.0,3000.0
830079,64900.0,57.0,3.0,0.0
437267,62900.0,35.0,10.0,14500.0
901647,66119.0,55.0,3.0,11000.0
1122709,68200.0,43.0,12.0,0.0
1002341,67100.0,27.0,11.0,26000.0
870330,66116.0,58.0,10.0,21000.0
309515,62401.0,56.0,16.0,36000.0
132117,61504.0,25.0,9.0,0.0
422757,62712.0,45.0,11.0,52000.0
1107455,68004.0,50.0,8.0,0.0
171840,63100.0,33.0,1.0,0.0
809025,66109.0,53.0,1.0,0.0
52214,60900.0,23.0,11.0,2000.0
958428,66126.0,18.0,10.0,0.0
408127,62709.0,23.0,9.0,27000.0
500733,64000.0,37.0,4.0,0.0
846085,65300.0,33.0,10.0,37000.0
145834,61506.0,23.0,13.0,47700.0
413000,62710.0,74.0,11.0,34700.0
361111,62410.0,60.0,12.0,90000.0
380601,62704.0,36.0,13.0,51000.0
261394,62203.0,26.0,12.0,320.0
678179,65411.0,49.0,5.0,0.0
58087,61101.0,45.0,10.0,27000.0
716944,65417.0,24.0,8.0,0.0
153516,61602.0,44.0,13.0,120400.0
551438,63800.0,55.0,12.0,34000.0
929170,66121.0,43.0,6.0,42000.0
110108,61402.0,65.0,3.0,14100.0
90877,61301.0,24.0,9.0,0.0
185530,61902.0,38.0,9.0,6700.0
1220919,68116.0,20.0,9.0,12000.0
404361,62708.0,43.0,14.0,46200.0
1056120,67603.0,53.0,9.0,12000.0
713720,65416.0,26.0,9.0,15900.0
620496,66602.0,30.0,13.0,32000.0
997797,67400.0,34.0,7.0,8000.0
107227,61401.0,69.0,9.0,15500.0
147153,61601.0,50.0,14.0,85010.0
32150,60500.0,70.0,11.0,37800.0
425088,62801.0,28.0,13.0,0.0
619961,66601.0,30.0,13.0,50000.0
507899,64200.0,37.0,11.0,10000.0
316325,62402.0,56.0,9.0,9400.0
124950,61502.0,37.0,14.0,60000.0
501252,64000.0,28.0,9.0,23900.0
92634,61301.0,24.0,7.0,1400.0
746613,65422.0,56.0,8.0,11000.0
94809,61301.0,18.0,7.0,3000.0
422862,62712.0,35.0,12.0,71000.0
104433,61401.0,20.0,9.0,13500.0
289577,62302.0,83.0,3.0,4200.0
42437,60700.0,65.0,11.0,22000.0
365548,62701.0,20.0,11.0,8810.0
793938,65800.0,45.0,12.0,45000.0
616143,66601.0,51.0,13.0,10000.0
363591,62701.0,74.0,13.0,64200.0
1143542,68102.0,66.0,9.0,16200.0
21457,60400.0,57.0,10.0,62000.0
161338,61700.0,25.0,10.0,100.0
690396,65412.0,38.0,11.0,23800.0
521514,64300.0,38.0,7.0,25000.0
1094692,68003.0,33.0,9.0,60000.0
1164849,68106.0,45.0,11.0,91000.0
1048127,67601.0,36.0,11.0,2800.0
348169,62408.0,34.0,11.0,37000.0
947311,66124.0,58.0,5.0,0.0
954247,66125.0,51.0,13.0,80000.0
553715,63800.0,45.0,12.0,0.0
686952,65412.0,78.0,9.0,0.0
821257,66104.0,35.0,10.0,0.0
314545,62402.0,29.0,12.0,35000.0
3464,60100.0,41.0,14.0,44000.0
875424,66117.0,52.0,13.0,56900.0
1188154,68111.0,39.0,13.0,79000.0
889398,66114.0,69.0,10.0,14000.0
1214476,68115.0,20.0,5.0,1500.0
524859,64403.0,81.0,9.0,29800.0
551780,63800.0,31.0,3.0,7200.0
233528,62104.0,52.0,12.0,104580.0
169890,63100.0,25.0,9.0,3400.0
400986,62707.0,72.0,9.0,29700.0
1103294,68002.0,43.0,11.0,63600.0
288658,62302.0,66.0,3.0,5000.0
300862,62305.0,40.0,10.0,102000.0
1219324,68116.0,21.0,9.0,12000.0
1002880,67100.0,60.0,13.0,33000.0
964311,67000.0,31.0,5.0,11400.0
697199,65413.0,55.0,3.0,8000.0
1065547,67607.0,33.0,10.0,0.0
116636,61403.0,26.0,11.0,17500.0
202025,62500.0,46.0,11.0,0.0
885972,66113.0,29.0,4.0,20300.0
659964,65408.0,47.0,11.0,8100.0
220941,62102.0,21.0,11.0,0.0
181375,61901.0,43.0,7.0,8100.0
139607,61505.0,77.0,9.0,42500.0
361668,62701.0,74.0,14.0,69800.0
253420,62201.0,48.0,13.0,35200.0
406074,62708.0,81.0,1.0,9500.0
143678,61506.0,93.0,12.0,11200.0
763080,64600.0,22.0,4.0,6000.0
99800,61302.0,19.0,6.0,12000.0
396348,62706.0,18.0,7.0,4000.0
895630,66115.0,20.0,5.0,7200.0
966318,67604.0,70.0,10.0,12500.0
660015,65408.0,44.0,5.0,19000.0
223391,62102.0,22.0,14.0,9000.0
928832,66121.0,75.0,13.0,58600.0
380872,62704.0,36.0,11.0,39660.0
899407,66119.0,60.0,9.0,0.0
252316,62201.0,32.0,13.0,70000.0
313452,62401.0,22.0,11.0,1800.0
1035070,67606.0,63.0,9.0,54800.0
468544,63401.0,55.0,10.0,33000.0
242953,62106.0,37.0,12.0,0.0
568207,63903.0,76.0,8.0,12500.0
1144686,68104.0,77.0,2.0,7000.0
709144,65416.0,45.0,9.0,7200.0
21022,60400.0,50.0,11.0,19000.0
82804,61202.0,42.0,13.0,20000.0
226995,62103.0,45.0,9.0,7200.0
96120,61302.0,47.0,11.0,63000.0
230620,62104.0,56.0,16.0,164000.0
517453,64402.0,37.0,12.0,42000.0
1035892,67606.0,30.0,1.0,0.0
431481,62802.0,24.0,11.0,25000.0
202084,62500.0,78.0,13.0,18700.0
91133,61301.0,37.0,12.0,12000.0
27996,60500.0,71.0,11.0,4530.0
676567,65410.0,51.0,11.0,35000.0
120538,61501.0,30.0,8.0,37600.0
928576,66121.0,71.0,13.0,46500.0
1205678,68114.0,55.0,9.0,9400.0
513922,64401.0,67.0,9.0,5100.0
751786,65424.0,69.0,2.0,0.0
777459,65200.0,28.0,11.0,19000.0
47580,60800.0,55.0,11.0,12100.0
466407,63401.0,22.0,7.0,10000.0
301613,62305.0,47.0,13.0,337000.0
757086,65424.0,39.0,9.0,12000.0
1038519,67606.0,44.0,13.0,60000.0
666372,65409.0,36.0,13.0,85000.0
716278,65417.0,30.0,9.0,14000.0
953897,66125.0,69.0,9.0,38100.0
807684,66109.0,70.0,9.0,19200.0
423720,62801.0,45.0,11.0,21000.0
723681,65414.0,29.0,3.0,10000.0
858852,66112.0,70.0,3.0,7200.0
823160,66104.0,84.0,9.0,15100.0
726710,65418.0,66.0,3.0,3000.0
397361,62707.0,83.0,14.0,0.0
406562,62709.0,26.0,13.0,0.0
554235,63800.0,22.0,3.0,680.0
408392,62709.0,18.0,7.0,1500.0
899331,66119.0,47.0,11.0,8000.0
1216606,68115.0,53.0,13.0,69000.0
5747,60100.0,18.0,6.0,0.0
658878,65408.0,48.0,13.0,10500.0
920753,65600.0,35.0,14.0,40000.0
145264,61506.0,85.0,8.0,47600.0
1082412,67801.0,38.0,13.0,0.0
547961,64407.0,74.0,9.0,25500.0
186374,61902.0,75.0,8.0,4220.0
995806,67400.0,30.0,10.0,55460.0
574601,63701.0,42.0,11.0,10000.0
106729,61401.0,20.0,7.0,3300.0
771811,66101.0,40.0,7.0,11300.0
1022663,66900.0,58.0,12.0,42200.0
844212,65300.0,27.0,9.0,0.0
636723,65403.0,43.0,13.0,4500.0
234259,62104.0,22.0,11.0,23000.0
495153,63600.0,60.0,2.0,24600.0
838367,65000.0,52.0,1.0,12000.0
672610,65410.0,35.0,11.0,130000.0
464016,63302.0,21.0,11.0,5000.0
6910,60100.0,79.0,9.0,23340.0
943581,66123.0,33.0,11.0,14300.0
888922,66114.0,20.0,9.0,13000.0
490172,63503.0,54.0,1.0,8400.0
490069,63503.0,28.0,3.0,0.0
312667,62401.0,53.0,15.0,54500.0
545263,64406.0,41.0,9.0,20000.0
37630,60600.0,31.0,9.0,360.0
779139,66105.0,60.0,3.0,0.0
1082324,67801.0,34.0,10.0,5000.0
838073,65000.0,39.0,13.0,61000.0
1170809,68108.0,47.0,12.0,30800.0
915375,65703.0,54.0,13.0,325500.0
12271,60200.0,28.0,9.0,3700.0
1061179,67607.0,22.0,12.0,4000.0
226044,62103.0,44.0,13.0,55150.0
928920,66121.0,52.0,13.0,119500.0
319566,62403.0,39.0,13.0,68200.0
913513,65702.0,43.0,13.0,70000.0
1070988,67700.0,41.0,13.0,14000.0
20570,60300.0,64.0,11.0,10300.0
212977,62602.0,33.0,12.0,0.0
829699,64900.0,29.0,13.0,2300.0
374202,62702.0,60.0,14.0,100000.0
1059566,67603.0,51.0,14.0,80000.0
175942,63100.0,37.0,10.0,0.0
138230,61503.0,32.0,9.0,60000.0
917991,65703.0,57.0,11.0,56000.0
605383,66300.0,70.0,15.0,6000.0
869510,66116.0,72.0,8.0,17200.0
823481,66104.0,42.0,9.0,0.0
13048,60200.0,24.0,12.0,11600.0
225405,62103.0,67.0,9.0,13480.0
60482,61101.0,49.0,13.0,462000.0
787780,66106.0,73.0,15.0,125000.0
728427,65418.0,21.0,11.0,0.0
939414,65500.0,48.0,9.0,19000.0
604531,66300.0,40.0,4.0,10600.0
954846,66125.0,30.0,13.0,10000.0
178413,63200.0,74.0,14.0,11300.0
513023,64401.0,34.0,6.0,47000.0
246396,62107.0,77.0,12.0,0.0
804048,66108.0,43.0,9.0,0.0
1098142,68003.0,19.0,7.0,10000.0
839656,65000.0,24.0,8.0,10000.0
60775,61101.0,60.0,13.0,73500.0
474202,63402.0,56.0,9.0,3100.0
714672,65416.0,68.0,3.0,7900.0
1131135,68101.0,53.0,11.0,37800.0
804728,66108.0,28.0,14.0,45500.0
120874,61501.0,36.0,6.0,18000.0
967747,67604.0,62.0,9.0,24400.0
448588,63002.0,58.0,12.0,34500.0
460114,63302.0,38.0,9.0,20000.0
809256,66109.0,18.0,8.0,1500.0
1072684,68001.0,38.0,3.0,13000.0
1042501,67606.0,60.0,8.0,0.0
1037220,67606.0,37.0,3.0,20000.0
1152536,68105.0,39.0,2.0,9600.0
252899,62201.0,50.0,14.0,81600.0
144262,61506.0,36.0,9.0,53000.0
775262,65200.0,31.0,13.0,38000.0
863967,65900.0,41.0,9.0,40000.0
943459,66123.0,52.0,12.0,40000.0
3437,60100.0,67.0,11.0,7600.0
869155,66116.0,53.0,11.0,41200.0
457299,63301.0,78.0,5.0,21500.0
529649,64403.0,47.0,9.0,34710.0
773575,66101.0,52.0,6.0,64000.0
339300,62406.0,84.0,8.0,27480.0
1141405,68102.0,45.0,9.0,16000.0
1102434,68002.0,37.0,14.0,62000.0
499160,64000.0,41.0,13.0,325000.0
1050940,67602.0,42.0,11.0,11200.0
163423,61800.0,59.0,11.0,0.0
729880,65419.0,53.0,14.0,60000.0
291459,62303.0,40.0,9.0,3430.0
951084,66125.0,30.0,9.0,0.0
686999,65412.0,64.0,13.0,8000.0
902441,66119.0,23.0,8.0,20000.0
898764,66119.0,21.0,4.0,7000.0
667795,65409.0,46.0,13.0,0.0
671540,65410.0,33.0,9.0,12000.0
747463,65422.0,33.0,1.0,10000.0
524002,64300.0,19.0,7.0,0.0
359572,62410.0,41.0,11.0,8100.0
901842,66119.0,34.0,3.0,0.0
527402,64403.0,19.0,10.0,1000.0
685684,65412.0,73.0,9.0,31000.0
1177035,68109.0,25.0,11.0,10000.0
1050182,67602.0,29.0,13.0,32100.0
1092927,68003.0,79.0,11.0,17280.0
753978,65424.0,83.0,4.0,9540.0
1143099,68102.0,32.0,4.0,2250.0
361524,62701.0,38.0,9.0,60000.0
1130937,68101.0,74.0,13.0,53100.0
384026,62705.0,54.0,13.0,30530.0
725927,65418.0,67.0,11.0,5730.0
901648,66119.0,32.0,5.0,19500.0
864022,65900.0,28.0,9.0,10000.0
1194707,68112.0,44.0,9.0,58400.0
310666,62401.0,49.0,11.0,30000.0
64854,61101.0,29.0,13.0,13200.0
875414,66117.0,51.0,11.0,9600.0
333075,62405.0,41.0,13.0,38200.0
344623,62408.0,21.0,8.0,22000.0
1102540,68002.0,31.0,9.0,41000.0
527607,64403.0,49.0,7.0,65400.0
344410,62407.0,39.0,9.0,16000.0
686151,65412.0,34.0,15.0,40000.0
502306,64000.0,44.0,11.0,45200.0
367731,62701.0,33.0,14.0,16300.0
49751,60800.0,43.0,1.0,0.0
879921,66118.0,21.0,12.0,7100.0
280040,62207.0,42.0,13.0,69000.0
630431,65401.0,30.0,11.0,15000.0
505854,64100.0,44.0,9.0,61000.0
463200,63302.0,40.0,11.0,13000.0
97296,61302.0,33.0,8.0,7700.0
620318,66602.0,50.0,13.0,337000.0
661302,65408.0,29.0,9.0,28000.0
224103,62102.0,55.0,13.0,0.0
376823,62703.0,20.0,10.0,17000.0
1023675,66900.0,32.0,8.0,5000.0
527001,64403.0,78.0,9.0,11300.0
641741,65405.0,61.0,9.0,43300.0
841918,65300.0,32.0,1.0,12000.0
673708,65410.0,49.0,15.0,55000.0
784520,66106.0,33.0,5.0,15000.0
833271,64900.0,37.0,13.0,0.0
863882,65900.0,58.0,8.0,30000.0
294951,62304.0,42.0,13.0,110000.0
593164,66702.0,21.0,6.0,0.0
660920,65408.0,27.0,14.0,43000.0
71528,61103.0,42.0,8.0,0.0
655453,65407.0,26.0,1.0,300.0
209832,62601.0,71.0,8.0,7500.0
1069969,67700.0,34.0,9.0,5200.0
837109,65000.0,50.0,9.0,0.0
954682,66125.0,48.0,12.0,28000.0
118547,61403.0,70.0,11.0,13000.0
241614,62106.0,20.0,6.0,0.0
1076225,68001.0,45.0,13.0,60680.0
785245,66106.0,43.0,9.0,50000.0
203425,62500.0,20.0,8.0,12160.0
452898,63301.0,31.0,11.0,10500.0
590021,66702.0,48.0,8.0,45300.0
480097,63501.0,42.0,14.0,52000.0
768233,64700.0,32.0,13.0,45360.0
120047,61501.0,83.0,8.0,12700.0
104419,61401.0,36.0,11.0,30500.0
336920,62406.0,82.0,12.0,57800.0
1205081,68114.0,46.0,12.0,42000.0
390710,62714.0,31.0,10.0,0.0
217600,62101.0,52.0,14.0,64000.0
675283,65410.0,31.0,11.0,11300.0
924162,66120.0,18.0,5.0,3900.0
582388,66701.0,44.0,3.0,5300.0
1034309,67606.0,37.0,12.0,54500.0
561635,63901.0,40.0,10.0,0.0
320090,62403.0,57.0,13.0,71000.0
606566,66300.0,41.0,9.0,12000.0
778162,65200.0,18.0,10.0,0.0
39033,60600.0,67.0,11.0,4500.0
1017858,67502.0,59.0,14.0,40200.0
192402,62001.0,53.0,10.0,42000.0
902176,66119.0,46.0,2.0,13000.0
478997,63501.0,19.0,9.0,1600.0
408552,62709.0,55.0,12.0,25000.0
1014283,67501.0,40.0,4.0,20000.0
879489,66118.0,33.0,8.0,7200.0
176011,63100.0,67.0,2.0,8400.0
654028,65407.0,82.0,11.0,11100.0
233161,62104.0,32.0,9.0,19600.0
586562,66701.0,65.0,11.0,4900.0
817148,66103.0,25.0,13.0,21000.0
1026115,66900.0,25.0,13.0,24020.0
1031323,67200.0,25.0,6.0,10700.0
589975,66702.0,64.0,13.0,18000.0
585114,66701.0,81.0,13.0,31800.0
10664,60200.0,34.0,14.0,6000.0
603723,66300.0,26.0,11.0,31000.0
717380,65417.0,23.0,9.0,22000.0
90448,61000.0,38.0,12.0,85000.0
398154,62707.0,45.0,14.0,145000.0
229704,62104.0,75.0,13.0,43800.0
745438,65422.0,45.0,3.0,0.0
811196,66102.0,67.0,13.0,59000.0
1110209,68004.0,59.0,9.0,39870.0
134641,61503.0,18.0,7.0,500.0
67302,61102.0,44.0,12.0,93000.0
210575,62601.0,18.0,7.0,2000.0
472377,63402.0,78.0,9.0,1100.0
302920,62305.0,63.0,11.0,78000.0
1090304,67900.0,45.0,9.0,30000.0
921695,65600.0,93.0,11.0,31700.0
694438,65413.0,19.0,7.0,940.0
813650,66102.0,50.0,8.0,48000.0
560493,63901.0,49.0,9.0,14800.0
524113,64300.0,18.0,5.0,11000.0
1065004,67607.0,26.0,11.0,20000.0
540744,64405.0,51.0,9.0,137000.0
632739,65402.0,85.0,5.0,20000.0
735699,65420.0,29.0,8.0,27100.0
1028315,67200.0,60.0,8.0,19000.0
1079549,68001.0,19.0,9.0,25000.0
129225,61504.0,59.0,11.0,120500.0
601826,66200.0,20.0,9.0,12800.0
777695,65200.0,49.0,13.0,60300.0
31094,60500.0,18.0,7.0,6200.0
604685,66300.0,36.0,11.0,0.0
597536,66200.0,36.0,4.0,5700.0
629778,65401.0,43.0,10.0,33200.0
583326,66701.0,24.0,1.0,7900.0
482331,63502.0,56.0,9.0,0.0
565787,63902.0,57.0,10.0,11000.0
1017173,67502.0,43.0,11.0,29000.0
1216848,68115.0,42.0,14.0,3000.0
851922,66110.0,69.0,13.0,18600.0
413796,62710.0,46.0,10.0,50000.0
178970,63200.0,23.0,9.0,10500.0
1127826,68101.0,19.0,9.0,1350.0
735811,65420.0,81.0,9.0,15300.0
767066,64700.0,27.0,11.0,28000.0
616147,66601.0,45.0,2.0,24800.0
411598,62710.0,65.0,4.0,6300.0
880550,66118.0,54.0,11.0,13200.0
916260,65703.0,57.0,15.0,11000.0
791670,65100.0,19.0,11.0,7000.0
79668,61201.0,54.0,9.0,31720.0
1154310,68105.0,72.0,6.0,7200.0
406996,62709.0,26.0,11.0,60000.0
255726,62201.0,30.0,13.0,75000.0
871997,66116.0,28.0,11.0,23000.0
640423,65405.0,93.0,10.0,6800.0
661138,65408.0,38.0,9.0,8410.0
450312,63002.0,59.0,9.0,0.0
214676,62602.0,30.0,9.0,13000.0
561563,63901.0,48.0,11.0,25100.0
342799,62407.0,22.0,12.0,6400.0
208768,62601.0,43.0,8.0,40000.0
27146,60500.0,27.0,11.0,35000.0
1209920,68114.0,37.0,1.0,8000.0
527921,64403.0,54.0,3.0,10000.0
854145,66111.0,52.0,3.0,12000.0
350665,62409.0,34.0,14.0,0.0
1105979,68004.0,50.0,10.0,11200.0
26276,60400.0,45.0,10.0,36200.0
135917,61503.0,82.0,9.0,12000.0
124128,61502.0,52.0,6.0,25000.0
884221,66118.0,49.0,13.0,48000.0
368286,62701.0,78.0,10.0,22500.0
1092676,68003.0,36.0,7.0,7000.0
625133,65401.0,59.0,10.0,55000.0
676752,65410.0,40.0,14.0,20600.0
232369,62104.0,45.0,13.0,500.0
6209,60100.0,25.0,3.0,18200.0
533412,64404.0,44.0,11.0,44000.0
483129,63502.0,23.0,1.0,0.0
575965,63701.0,85.0,1.0,3200.0
355852,62410.0,36.0,12.0,30310.0
1109599,68004.0,66.0,11.0,148000.0
807432,66109.0,29.0,8.0,7200.0
287726,62302.0,87.0,6.0,49600.0
1056610,67603.0,58.0,10.0,79070.0
374625,62703.0,42.0,10.0,78200.0
1157632,68103.0,37.0,11.0,14400.0
831322,64900.0,63.0,1.0,10000.0
620149,66601.0,25.0,13.0,17000.0
381688,62704.0,49.0,9.0,25000.0
32838,60500.0,29.0,9.0,1400.0
481874,63502.0,26.0,9.0,15000.0
329994,62405.0,35.0,14.0,9500.0
704226,65415.0,46.0,8.0,3880.0
81095,61202.0,80.0,4.0,12000.0
612198,66500.0,44.0,9.0,32000.0
983493,66801.0,26.0,11.0,25000.0
997558,67400.0,64.0,8.0,0.0
334176,62405.0,39.0,4.0,55000.0
108254,61401.0,31.0,8.0,22000.0
585019,66701.0,40.0,14.0,50000.0
1208815,68114.0,93.0,9.0,0.0
862505,65900.0,28.0,13.0,44000.0
1103611,68002.0,42.0,9.0,19000.0
1006904,67300.0,48.0,13.0,60000.0
708121,65416.0,77.0,9.0,8120.0
38222,60600.0,46.0,2.0,25000.0
181425,61901.0,25.0,6.0,4400.0
1182065,68109.0,61.0,9.0,0.0
1126119,68101.0,71.0,15.0,26200.0
1009486,67300.0,30.0,13.0,63700.0
864217,65900.0,46.0,11.0,8200.0
929428,66121.0,59.0,11.0,46500.0
771391,66101.0,49.0,13.0,24000.0
672726,65410.0,22.0,13.0,1900.0
525716,64403.0,41.0,13.0,36000.0
2601,60100.0,58.0,9.0,24000.0
37764,60600.0,35.0,12.0,42000.0
220691,62102.0,50.0,11.0,26000.0
146304,61506.0,60.0,13.0,7200.0
574770,63701.0,56.0,13.0,24000.0
269278,62205.0,44.0,13.0,253000.0
602351,66200.0,44.0,15.0,22300.0
215228,62602.0,28.0,9.0,15000.0
595415,66702.0,62.0,11.0,62000.0
191267,62001.0,19.0,11.0,8000.0
307537,62306.0,38.0,11.0,60000.0
1004928,67100.0,73.0,13.0,17500.0
466124,63401.0,47.0,2.0,3000.0
907776,65701.0,62.0,11.0,67200.0
365821,62701.0,48.0,15.0,345000.0
890976,66114.0,29.0,13.0,3800.0
798669,66107.0,38.0,9.0,0.0
1037893,67606.0,73.0,9.0,99000.0
172021,63100.0,43.0,11.0,26000.0
308733,62401.0,32.0,13.0,48000.0
886478,66113.0,22.0,3.0,5000.0
500085,64000.0,24.0,8.0,9000.0
290558,62303.0,34.0,10.0,34000.0
396389,62706.0,42.0,11.0,32300.0
951176,66125.0,30.0,13.0,52000.0
964236,67000.0,44.0,13.0,10000.0
354825,62409.0,40.0,14.0,6000.0
204287,62500.0,48.0,13.0,7000.0
128907,61504.0,81.0,9.0,27300.0
1004423,67100.0,83.0,4.0,8400.0
890375,66114.0,37.0,1.0,50000.0
1175916,68109.0,70.0,5.0,17800.0
1209939,68114.0,35.0,3.0,22000.0
1162839,68106.0,61.0,9.0,14200.0
20833,60300.0,62.0,14.0,25310.0
1191294,68111.0,49.0,7.0,40000.0
718108,65417.0,19.0,11.0,0.0
906865,65701.0,43.0,11.0,110000.0
913120,65702.0,21.0,6.0,1000.0
197127,62002.0,58.0,9.0,25000.0
33693,60600.0,74.0,1.0,8600.0
449952,63002.0,55.0,11.0,42400.0
731523,65419.0,66.0,11.0,9500.0
1213827,68115.0,78.0,13.0,30200.0
1214308,68115.0,55.0,10.0,2100.0
329825,62405.0,22.0,11.0,27000.0
1194588,68112.0,61.0,14.0,10300.0
560580,63901.0,33.0,11.0,45000.0
881683,66118.0,84.0,9.0,54600.0
1223840,68116.0,35.0,11.0,25000.0
654523,65407.0,38.0,9.0,20800.0
1190248,68111.0,51.0,12.0,37000.0
155770,61602.0,50.0,13.0,120000.0
303985,62306.0,20.0,8.0,0.0
265627,62204.0,55.0,9.0,16500.0
765040,64700.0,18.0,9.0,2000.0
747664,65423.0,44.0,7.0,2000.0
90135,61000.0,77.0,11.0,57000.0
1180478,68109.0,45.0,1.0,0.0
879401,66118.0,54.0,11.0,0.0
9445,60200.0,18.0,8.0,5000.0
795039,65800.0,71.0,13.0,0.0
159854,61700.0,19.0,9.0,24000.0
215186,62602.0,41.0,8.0,25000.0
1083788,67802.0,21.0,7.0,8100.0
802001,66108.0,39.0,13.0,50000.0
1157920,68103.0,69.0,10.0,29000.0
684031,65411.0,45.0,14.0,49000.0
1176842,68109.0,71.0,13.0,6700.0
19357,60300.0,36.0,11.0,28000.0
635739,65403.0,29.0,4.0,8600.0
639350,65403.0,40.0,3.0,0.0
1021230,67502.0,42.0,9.0,65000.0
439431,63001.0,38.0,15.0,115000.0
41501,60700.0,51.0,11.0,35000.0
959705,66126.0,23.0,11.0,0.0
855629,66111.0,45.0,5.0,22000.0
425632,62801.0,37.0,15.0,325000.0
986689,66801.0,39.0,11.0,45000.0
1180814,68109.0,44.0,11.0,85000.0
267151,62204.0,26.0,11.0,80000.0
518997,64300.0,42.0,1.0,18000.0
394961,62706.0,62.0,2.0,17410.0
185755,61902.0,47.0,15.0,60610.0
1014009,67501.0,25.0,9.0,0.0
297923,62304.0,32.0,13.0,120000.0
998539,67100.0,47.0,9.0,52000.0
596785,66702.0,22.0,13.0,14600.0
814959,66103.0,33.0,15.0,0.0
220419,62101.0,35.0,11.0,23000.0
877525,66117.0,41.0,13.0,52000.0
1172452,68108.0,65.0,6.0,7000.0
572833,63701.0,30.0,9.0,7100.0
1189726,68111.0,19.0,9.0,13500.0
86853,61000.0,53.0,13.0,107500.0
484763,63502.0,23.0,10.0,18000.0
576018,63701.0,43.0,11.0,4800.0
688644,65412.0,76.0,9.0,98000.0
750508,65423.0,39.0,2.0,0.0
1207424,68114.0,78.0,9.0,6900.0
740020,65421.0,41.0,9.0,23600.0
1143368,68102.0,63.0,4.0,0.0
498094,64000.0,22.0,9.0,5600.0
507199,64200.0,27.0,7.0,10000.0
377523,62703.0,19.0,10.0,15000.0
824105,66104.0,53.0,13.0,14100.0
438233,63001.0,78.0,6.0,10800.0
576714,63702.0,19.0,9.0,23000.0
1109407,68004.0,72.0,10.0,30400.0
876017,66117.0,23.0,10.0,700.0
982831,66801.0,40.0,9.0,95000.0
890228,66114.0,20.0,7.0,4400.0
152513,61602.0,52.0,9.0,22000.0
660124,65408.0,35.0,13.0,55000.0
428,60100.0,50.0,11.0,7000.0
794947,65800.0,44.0,11.0,3400.0
939908,65500.0,23.0,3.0,0.0
530891,64404.0,32.0,10.0,9400.0
208743,62601.0,23.0,13.0,140.0
905682,65701.0,37.0,15.0,38000.0
421313,62712.0,40.0,11.0,20300.0
127048,61504.0,48.0,9.0,6600.0
647711,65404.0,68.0,2.0,7200.0
941539,66123.0,93.0,1.0,0.0
938667,65500.0,53.0,9.0,0.0
732863,65419.0,70.0,12.0,23700.0
633016,65402.0,50.0,10.0,0.0
47699,60800.0,64.0,11.0,24800.0
603021,66200.0,27.0,9.0,20800.0
571457,63903.0,39.0,9.0,25000.0
25504,60400.0,24.0,9.0,10000.0
1212659,68115.0,19.0,9.0,0.0
802659,66108.0,59.0,6.0,6500.0
1031173,67200.0,48.0,9.0,60000.0
471596,63402.0,22.0,12.0,12000.0
1204772,68114.0,32.0,11.0,27900.0
179599,63200.0,57.0,11.0,7600.0
1017762,67502.0,47.0,13.0,74000.0
348282,62408.0,46.0,1.0,25000.0
335631,62406.0,59.0,14.0,83000.0
558726,63901.0,21.0,9.0,2800.0
1047573,67601.0,27.0,9.0,29000.0
454237,63301.0,20.0,9.0,0.0
848565,66110.0,44.0,9.0,0.0
693305,65413.0,34.0,13.0,30000.0
125625,61502.0,31.0,10.0,59000.0
1168847,68108.0,79.0,13.0,2800.0
1031165,67200.0,59.0,11.0,58000.0
414410,62710.0,58.0,13.0,0.0
222091,62102.0,21.0,9.0,18000.0
1081613,67801.0,32.0,13.0,30000.0
911055,65702.0,37.0,11.0,25000.0
282931,62301.0,60.0,11.0,55000.0
99865,61302.0,40.0,13.0,15700.0
56004,60900.0,24.0,13.0,7500.0
457289,63301.0,67.0,1.0,9800.0
154182,61602.0,33.0,13.0,37600.0
473154,63402.0,28.0,9.0,60000.0
436761,62900.0,22.0,10.0,21500.0
950770,66125.0,53.0,13.0,0.0
750110,65423.0,45.0,1.0,9600.0
1130643,68101.0,52.0,9.0,17000.0
220060,62101.0,32.0,11.0,0.0
494607,63600.0,34.0,9.0,12610.0
1177405,68109.0,51.0,11.0,40000.0
916559,65703.0,41.0,10.0,52100.0
801344,66108.0,19.0,11.0,0.0
688024,65412.0,39.0,13.0,38000.0
78934,61201.0,50.0,13.0,18000.0
441023,63001.0,51.0,3.0,12000.0
280535,62301.0,44.0,14.0,0.0
236480,62105.0,47.0,13.0,0.0
630771,65401.0,46.0,12.0,85000.0
1189677,68111.0,93.0,11.0,11550.0
637440,65403.0,48.0,9.0,3000.0
39450,60600.0,22.0,11.0,9500.0
685414,65412.0,22.0,11.0,40000.0
238714,62105.0,54.0,16.0,59830.0
348980,62408.0,75.0,4.0,20160.0
787570,66106.0,18.0,10.0,0.0
444397,63002.0,44.0,11.0,46000.0
131869,61504.0,70.0,6.0,4400.0
354371,62409.0,33.0,13.0,40000.0
739759,65421.0,35.0,9.0,16000.0
396841,62707.0,48.0,12.0,35000.0
766511,64700.0,39.0,13.0,52330.0
376796,62703.0,27.0,11.0,18000.0
235570,62105.0,49.0,14.0,281000.0
112339,61402.0,29.0,7.0,0.0
720420,65417.0,37.0,9.0,7600.0
214477,62602.0,31.0,9.0,18000.0
530112,64403.0,26.0,3.0,5000.0
289491,62302.0,39.0,14.0,100000.0
887748,66113.0,51.0,3.0,14500.0
490106,63503.0,26.0,3.0,12000.0
777680,65200.0,23.0,7.0,600.0
67304,61102.0,75.0,5.0,14100.0
858193,66112.0,93.0,13.0,0.0
352157,62409.0,53.0,13.0,0.0
1126961,68101.0,50.0,14.0,46600.0
208079,62601.0,39.0,14.0,64100.0
103243,61303.0,68.0,2.0,9000.0
695817,65413.0,29.0,11.0,10600.0
117317,61403.0,39.0,13.0,50000.0
427890,62801.0,70.0,10.0,47800.0
190876,62001.0,33.0,7.0,17000.0
1173572,68108.0,79.0,11.0,22900.0
325324,62404.0,30.0,2.0,3600.0
376252,62703.0,30.0,13.0,67000.0
98641,61302.0,21.0,9.0,25200.0
563487,63902.0,35.0,4.0,0.0
664314,65408.0,43.0,13.0,33000.0
850095,66110.0,41.0,14.0,48000.0
997946,67400.0,43.0,2.0,33000.0
1177514,68109.0,57.0,14.0,13000.0
43294,60700.0,54.0,9.0,14000.0
932443,66122.0,37.0,12.0,85000.0
546746,64406.0,52.0,9.0,0.0
944334,66123.0,35.0,9.0,15000.0
1128880,68101.0,26.0,13.0,55000.0
553183,63800.0,44.0,9.0,9000.0
604244,66300.0,54.0,11.0,48000.0
251067,62201.0,48.0,13.0,23100.0
750951,65423.0,53.0,1.0,0.0
734363,65420.0,79.0,2.0,0.0
505216,64100.0,63.0,9.0,17200.0
175911,63100.0,31.0,5.0,0.0
988711,66802.0,55.0,3.0,18500.0
471297,63402.0,55.0,13.0,40000.0
1124787,68101.0,29.0,13.0,40000.0
360138,62410.0,27.0,12.0,0.0
667051,65409.0,39.0,13.0,53200.0
447387,63002.0,45.0,11.0,28000.0
200814,62500.0,46.0,1.0,5700.0
150166,61601.0,33.0,11.0,24000.0
1187320,68110.0,42.0,13.0,120000.0
186400,61902.0,19.0,11.0,0.0
303799,62305.0,39.0,14.0,51580.0
692141,65413.0,41.0,13.0,65000.0
607588,66400.0,49.0,12.0,0.0
1033949,67200.0,26.0,9.0,12000.0
914186,65703.0,32.0,12.0,38600.0
610979,66400.0,30.0,9.0,5600.0
716716,65417.0,82.0,1.0,8700.0
1010499,67501.0,44.0,13.0,75010.0
429455,62802.0,77.0,9.0,22600.0
1001205,67100.0,49.0,13.0,87100.0
495652,63600.0,28.0,11.0,13420.0
1097287,68003.0,40.0,9.0,41500.0
545575,64406.0,37.0,9.0,16000.0
19096,60300.0,49.0,13.0,68000.0
436130,62900.0,32.0,3.0,11300.0
815438,66103.0,43.0,9.0,5000.0
477313,63402.0,32.0,9.0,50000.0
1181684,68109.0,43.0,13.0,10000.0
1095198,68003.0,68.0,9.0,5200.0
375121,62703.0,48.0,10.0,7000.0
397012,62707.0,89.0,13.0,32500.0
449469,63002.0,34.0,1.0,8920.0
726412,65418.0,27.0,7.0,14360.0
489161,63503.0,43.0,13.0,120000.0
1207600,68114.0,28.0,9.0,100.0
379866,62704.0,74.0,9.0,0.0
607685,66400.0,49.0,10.0,0.0
924802,66120.0,57.0,12.0,36000.0
637129,65403.0,32.0,10.0,70000.0
1086926,67802.0,68.0,15.0,102100.0
1029010,67200.0,44.0,9.0,13500.0
644438,65404.0,76.0,13.0,44900.0
1065313,67607.0,80.0,16.0,38700.0
576575,63702.0,18.0,10.0,3720.0
136892,61503.0,26.0,9.0,20000.0
144721,61506.0,32.0,9.0,13500.0
422235,62712.0,54.0,13.0,5100.0
777750,65200.0,43.0,1.0,6800.0
864771,65900.0,50.0,12.0,16000.0
829207,64800.0,37.0,10.0,34000.0
343683,62407.0,23.0,6.0,23500.0
311849,62401.0,71.0,13.0,141000.0
19991,60300.0,39.0,9.0,29100.0
1024734,66900.0,48.0,11.0,29000.0
39901,60600.0,84.0,9.0,10300.0
441004,63001.0,21.0,11.0,2200.0
358491,62410.0,39.0,13.0,104700.0
1066135,67607.0,46.0,13.0,20000.0
165243,61800.0,84.0,9.0,8500.0
1011117,67501.0,51.0,9.0,28600.0
208958,62601.0,65.0,9.0,8900.0
341947,62407.0,89.0,5.0,5700.0
104674,61401.0,46.0,13.0,60000.0
676032,65410.0,61.0,13.0,15500.0
258699,62202.0,28.0,13.0,5000.0
964120,67000.0,43.0,11.0,100000.0
274161,62206.0,38.0,8.0,650.0
277250,62207.0,30.0,4.0,20000.0
909450,65702.0,41.0,7.0,12100.0
1107380,68004.0,65.0,9.0,26700.0
749640,65423.0,34.0,8.0,7000.0
197197,62002.0,58.0,10.0,53900.0
780902,66105.0,38.0,9.0,42000.0
248533,62108.0,64.0,8.0,9480.0
1024384,66900.0,31.0,15.0,325000.0
103345,61303.0,53.0,13.0,96000.0
873439,66117.0,73.0,12.0,20700.0
710489,65416.0,40.0,9.0,6000.0
57548,60900.0,28.0,4.0,12100.0
1149093,68104.0,33.0,11.0,14100.0
153355,61602.0,76.0,9.0,2000.0
237295,62105.0,68.0,9.0,137000.0
1167108,68108.0,26.0,13.0,18070.0
713899,65416.0,47.0,15.0,150500.0
551815,63800.0,68.0,9.0,20000.0
1043897,67601.0,52.0,14.0,12000.0
697547,65413.0,31.0,9.0,30000.0
976137,67605.0,56.0,11.0,77000.0
907613,65701.0,28.0,12.0,29000.0
183977,61901.0,70.0,11.0,76000.0
308037,62401.0,74.0,11.0,26000.0
94888,61301.0,43.0,9.0,28000.0
76604,61201.0,44.0,9.0,40000.0
924096,66120.0,19.0,11.0,0.0
135814,61503.0,41.0,9.0,15000.0
109910,61402.0,47.0,9.0,0.0
211423,62601.0,52.0,6.0,9400.0
870371,66116.0,48.0,2.0,15600.0
994782,67400.0,54.0,12.0,62000.0
1158394,68103.0,42.0,9.0,0.0
41688,60700.0,72.0,9.0,6000.0
54693,60900.0,29.0,13.0,78000.0
380041,62704.0,66.0,12.0,26900.0
75275,61103.0,28.0,9.0,23000.0
667090,65409.0,58.0,13.0,24100.0
1011465,67501.0,32.0,11.0,40000.0
1100690,68002.0,34.0,10.0,29900.0
924060,66120.0,37.0,9.0,4700.0
181145,61901.0,58.0,9.0,1600.0
894408,66115.0,23.0,8.0,16300.0
1082171,67801.0,38.0,9.0,0.0
911806,65702.0,36.0,3.0,0.0
592668,66702.0,46.0,9.0,67100.0
974827,67605.0,58.0,15.0,76000.0
324216,62403.0,48.0,13.0,38960.0
887669,66113.0,68.0,1.0,4900.0
18795,60300.0,33.0,9.0,0.0
111243,61402.0,28.0,9.0,29300.0
222365,62102.0,81.0,11.0,15000.0
413541,62710.0,70.0,5.0,7600.0
485257,63502.0,73.0,9.0,16700.0
321424,62403.0,43.0,13.0,54000.0
890106,66114.0,28.0,9.0,27000.0
143297,61505.0,47.0,13.0,18800.0
839075,65000.0,36.0,1.0,17500.0
886785,66113.0,22.0,8.0,7100.0
1194610,68112.0,48.0,13.0,135000.0
1074878,68001.0,43.0,10.0,0.0
848301,66110.0,32.0,11.0,46000.0
285324,62301.0,60.0,13.0,27700.0
271007,62205.0,31.0,15.0,53000.0
494379,63600.0,43.0,7.0,28500.0
1021158,67502.0,33.0,8.0,12400.0
959314,66126.0,24.0,13.0,40150.0
1214398,68115.0,27.0,10.0,34200.0
1147476,68104.0,19.0,11.0,3500.0
867220,66000.0,72.0,9.0,25700.0
237338,62105.0,56.0,10.0,107100.0
156856,61700.0,48.0,13.0,3600.0
1060947,67607.0,71.0,11.0,27000.0
1097687,68003.0,71.0,10.0,11400.0
318326,62402.0,55.0,11.0,45000.0
219801,62101.0,37.0,11.0,80200.0
840700,65000.0,39.0,5.0,13810.0
17282,60300.0,59.0,8.0,0.0
250103,62108.0,54.0,13.0,43800.0
341588,62407.0,39.0,9.0,14000.0
425083,62801.0,49.0,11.0,45000.0
949763,66125.0,30.0,13.0,51000.0
863989,65900.0,62.0,13.0,98000.0
1155198,68105.0,74.0,10.0,35500.0
977051,67605.0,24.0,12.0,28000.0
1105959,68004.0,82.0,6.0,50000.0
605116,66300.0,37.0,13.0,45810.0
777859,65200.0,61.0,1.0,20400.0
167778,61800.0,35.0,8.0,50000.0
1055671,67603.0,28.0,13.0,58000.0
93888,61301.0,46.0,14.0,40000.0
228184,62103.0,51.0,13.0,16000.0
424079,62801.0,67.0,10.0,24500.0
2369,60100.0,49.0,9.0,6800.0
753778,65424.0,64.0,1.0,4200.0
1150064,68104.0,48.0,11.0,32000.0
658880,65408.0,30.0,13.0,48000.0
435305,62900.0,32.0,3.0,22000.0
909162,65702.0,21.0,11.0,3000.0
162803,61800.0,43.0,5.0,150.0
875747,66117.0,36.0,12.0,17800.0
153615,61602.0,28.0,11.0,30000.0
888307,66113.0,38.0,9.0,14000.0
11358,60200.0,57.0,11.0,22000.0
848924,66110.0,29.0,11.0,38000.0
92477,61301.0,56.0,9.0,175400.0
1125940,68101.0,24.0,1.0,55000.0
505998,64100.0,56.0,7.0,6200.0
1126395,68101.0,19.0,9.0,14100.0
470321,63402.0,52.0,9.0,36400.0
575940,63701.0,21.0,8.0,0.0
771266,66101.0,66.0,9.0,29600.0
403867,62708.0,37.0,13.0,105000.0
297271,62304.0,37.0,14.0,89390.0
1101141,68002.0,40.0,9.0,35000.0
811778,66102.0,37.0,14.0,33000.0
530792,64404.0,45.0,12.0,13900.0
220519,62101.0,29.0,9.0,27000.0
823099,66104.0,69.0,12.0,40000.0
1118202,68200.0,45.0,11.0,45000.0
937963,65500.0,30.0,8.0,13000.0
558802,63901.0,27.0,9.0,31000.0
1135724,68107.0,43.0,2.0,130.0
156312,61700.0,41.0,12.0,20000.0
505516,64100.0,60.0,10.0,55200.0
569068,63903.0,26.0,11.0,6000.0
115814,61403.0,49.0,11.0,12000.0
731944,65419.0,31.0,11.0,0.0
1111714,68004.0,54.0,8.0,18000.0
35665,60600.0,51.0,9.0,28900.0
521364,64300.0,19.0,10.0,0.0
1196107,68112.0,84.0,11.0,140800.0
496693,63600.0,26.0,9.0,13900.0
812926,66102.0,23.0,11.0,21000.0
378093,62703.0,68.0,11.0,6500.0
632757,65402.0,63.0,12.0,31780.0
67884,61102.0,39.0,9.0,118000.0
442470,63001.0,50.0,11.0,35600.0
910330,65702.0,52.0,9.0,33600.0
533192,64404.0,30.0,10.0,32500.0
863325,65900.0,32.0,9.0,0.0
635979,65403.0,22.0,1.0,0.0
323605,62403.0,43.0,14.0,102000.0
1013239,67501.0,22.0,11.0,10000.0
1105258,68004.0,61.0,2.0,8400.0
956658,66125.0,20.0,11.0,3000.0
581297,66701.0,25.0,10.0,0.0
1146993,68104.0,28.0,11.0,9400.0
475267,63402.0,45.0,9.0,30000.0
288510,62302.0,77.0,13.0,8900.0
345958,62408.0,19.0,10.0,7500.0
827396,64800.0,50.0,11.0,52000.0
1014082,67501.0,30.0,9.0,9100.0
784664,66106.0,35.0,11.0,26000.0
356586,62410.0,67.0,9.0,31200.0
812475,66102.0,23.0,11.0,4800.0
967248,67604.0,36.0,11.0,50000.0
268635,62205.0,36.0,16.0,45000.0
7986,60200.0,53.0,14.0,51800.0
1182306,68109.0,66.0,8.0,53800.0
947217,66124.0,29.0,9.0,24000.0
1174662,68109.0,32.0,6.0,25800.0
157827,61700.0,51.0,13.0,22000.0
118514,61403.0,51.0,13.0,30000.0
493624,63503.0,25.0,13.0,46000.0
1222148,68116.0,64.0,11.0,14700.0
705514,65415.0,55.0,3.0,8000.0
110820,61402.0,39.0,16.0,21000.0
94095,61301.0,45.0,11.0,65000.0
22936,60400.0,41.0,8.0,17300.0
387819,62713.0,57.0,12.0,202000.0
962555,67000.0,82.0,8.0,10200.0
668522,65409.0,24.0,9.0,13300.0
251232,62201.0,46.0,13.0,30000.0
687006,65412.0,53.0,14.0,35000.0
877689,66117.0,58.0,9.0,99000.0
1171313,68108.0,44.0,9.0,0.0
932081,66122.0,24.0,13.0,28600.0
982332,66801.0,29.0,5.0,0.0
971569,67604.0,37.0,9.0,125000.0
762196,64600.0,55.0,6.0,32920.0
9961,60200.0,70.0,12.0,13000.0
665373,65409.0,39.0,13.0,7000.0
297172,62304.0,36.0,9.0,52000.0
252046,62201.0,52.0,14.0,55000.0
536773,64405.0,34.0,14.0,48000.0
642194,65405.0,48.0,13.0,45000.0
23931,60400.0,71.0,6.0,31400.0
939377,65500.0,93.0,4.0,6700.0
898780,66119.0,71.0,9.0,104900.0
953538,66125.0,26.0,13.0,20000.0
1140037,68102.0,35.0,9.0,19200.0
260658,62203.0,23.0,11.0,15000.0
199535,62002.0,41.0,7.0,0.0
563189,63902.0,78.0,3.0,36800.0
855927,66111.0,61.0,9.0,33700.0
986882,66801.0,22.0,3.0,3800.0
340510,62407.0,28.0,9.0,35000.0
721977,65414.0,23.0,3.0,11000.0
300741,62305.0,29.0,12.0,40000.0
728290,65418.0,49.0,5.0,8800.0
22155,60400.0,75.0,4.0,8700.0
84855,61202.0,43.0,13.0,71000.0
1050293,67602.0,18.0,7.0,2400.0
285675,62301.0,37.0,13.0,42000.0
441785,63001.0,18.0,7.0,7000.0
658409,65407.0,36.0,8.0,14000.0
757949,64500.0,67.0,11.0,23300.0
4350,60100.0,53.0,11.0,100000.0
684038,65411.0,20.0,9.0,2000.0
685819,65412.0,66.0,9.0,9400.0
340536,62407.0,69.0,10.0,35750.0
229009,62103.0,39.0,13.0,30000.0
613776,66500.0,47.0,13.0,65000.0
609125,66400.0,21.0,11.0,24000.0
249222,62108.0,39.0,12.0,20000.0
878809,66118.0,49.0,13.0,81500.0
298431,62304.0,57.0,10.0,60500.0
1161510,68103.0,83.0,9.0,20700.0
552057,63800.0,59.0,12.0,10000.0
691379,65413.0,62.0,4.0,8400.0
246253,62107.0,39.0,9.0,46200.0
171735,63100.0,19.0,9.0,8100.0
95850,61301.0,33.0,13.0,0.0
1015304,67501.0,55.0,3.0,20000.0
723097,65414.0,46.0,8.0,6100.0
837292,65000.0,55.0,14.0,78000.0
369546,62702.0,27.0,14.0,60000.0
89264,61000.0,66.0,1.0,9600.0
300316,62305.0,52.0,11.0,188000.0
363079,62701.0,20.0,11.0,15000.0
26778,60400.0,60.0,2.0,9500.0
674837,65410.0,53.0,13.0,39500.0
1018747,67502.0,30.0,8.0,0.0
555352,63800.0,24.0,13.0,16500.0
417637,62711.0,37.0,11.0,30000.0
1176982,68109.0,32.0,13.0,0.0
826514,64800.0,45.0,10.0,65600.0
1075120,68001.0,86.0,14.0,19900.0
749425,65423.0,58.0,5.0,0.0
536743,64405.0,60.0,9.0,8400.0
907641,65701.0,25.0,13.0,40000.0
506334,64100.0,43.0,13.0,2700.0
751988,65424.0,71.0,5.0,23500.0
177882,63200.0,59.0,5.0,12500.0
508143,64200.0,20.0,8.0,4000.0
1117780,68005.0,42.0,11.0,105000.0
533821,64404.0,58.0,13.0,41000.0
180961,61901.0,40.0,9.0,11400.0
812977,66102.0,44.0,12.0,34000.0
415617,62711.0,46.0,11.0,0.0
19232,60300.0,61.0,11.0,50720.0
910409,65702.0,59.0,6.0,660.0
200269,62002.0,40.0,11.0,27000.0
342574,62407.0,39.0,11.0,39000.0
964157,67000.0,36.0,13.0,180000.0
103426,61303.0,37.0,9.0,60000.0
111334,61402.0,26.0,6.0,22000.0
284942,62301.0,33.0,12.0,0.0
1123895,68200.0,28.0,13.0,0.0
1158558,68103.0,70.0,9.0,9600.0
85092,61202.0,48.0,6.0,27000.0
25375,60400.0,65.0,7.0,15100.0
231490,62104.0,23.0,12.0,1000.0
1107600,68004.0,71.0,9.0,7800.0
354012,62409.0,36.0,11.0,64500.0
605431,66300.0,61.0,9.0,18000.0
8722,60200.0,52.0,8.0,9400.0
271611,62205.0,45.0,11.0,40380.0
716826,65417.0,22.0,3.0,10000.0
398977,62707.0,54.0,14.0,56610.0
199174,62002.0,37.0,14.0,45300.0
1001110,67100.0,47.0,9.0,40600.0
497826,63600.0,76.0,9.0,20200.0
688494,65412.0,43.0,10.0,0.0
769773,66101.0,43.0,13.0,0.0
1173297,68108.0,22.0,8.0,30000.0
570389,63903.0,19.0,9.0,0.0
1201150,68113.0,49.0,16.0,60000.0
812725,66102.0,22.0,11.0,6400.0
526435,64403.0,64.0,11.0,27390.0
210475,62601.0,36.0,11.0,51500.0
207034,62500.0,53.0,12.0,28900.0
625111,65401.0,19.0,11.0,8600.0
29206,60500.0,78.0,9.0,13600.0
838415,65000.0,23.0,11.0,7600.0
380101,62704.0,72.0,9.0,4800.0
72914,61103.0,26.0,11.0,20400.0
161369,61700.0,74.0,9.0,28220.0
1094805,68003.0,44.0,9.0,9700.0
194007,62001.0,35.0,12.0,21500.0
763487,64600.0,52.0,9.0,0.0
54692,60900.0,20.0,9.0,10000.0
859541,66112.0,81.0,9.0,19400.0
762201,64600.0,38.0,11.0,7200.0
225556,62103.0,93.0,9.0,0.0
1003082,67100.0,29.0,5.0,0.0
401572,62708.0,28.0,13.0,26000.0
597057,66702.0,43.0,11.0,56110.0
814707,66102.0,53.0,13.0,40000.0
338683,62406.0,38.0,10.0,0.0
128358,61504.0,35.0,11.0,15000.0
568233,63903.0,22.0,11.0,3600.0
697122,65413.0,33.0,1.0,12000.0
266375,62204.0,29.0,15.0,43000.0
71550,61103.0,32.0,9.0,43000.0
916434,65703.0,25.0,11.0,0.0
1140542,68102.0,24.0,11.0,4000.0
959299,66126.0,42.0,2.0,12000.0
963953,67000.0,85.0,12.0,39600.0
988533,66802.0,32.0,11.0,36000.0
904668,65701.0,62.0,10.0,0.0
1034627,67606.0,59.0,11.0,79050.0
442735,63001.0,30.0,4.0,21700.0
629189,65401.0,47.0,9.0,40300.0
561154,63901.0,22.0,9.0,23000.0
474039,63402.0,28.0,3.0,0.0
1175593,68109.0,21.0,11.0,15100.0
831198,64900.0,35.0,9.0,41200.0
987962,66801.0,21.0,9.0,3000.0
438986,63001.0,70.0,13.0,10280.0
956493,66125.0,45.0,14.0,360000.0
1205400,68114.0,60.0,15.0,9000.0
1076349,68001.0,26.0,4.0,19000.0
1187350,68110.0,54.0,9.0,110000.0
387827,62713.0,34.0,13.0,48000.0
839006,65000.0,32.0,13.0,85000.0
1126956,68101.0,48.0,13.0,36000.0
457247,63301.0,29.0,5.0,5800.0
285116,62301.0,25.0,13.0,0.0
83599,61202.0,72.0,14.0,35630.0
210808,62601.0,34.0,5.0,15000.0
605224,66300.0,30.0,11.0,70000.0
1168467,68108.0,19.0,7.0,10000.0
1208671,68114.0,34.0,5.0,0.0
1064937,67607.0,33.0,13.0,0.0
1153692,68105.0,19.0,7.0,0.0
334152,62405.0,31.0,14.0,33700.0
120463,61501.0,51.0,6.0,8800.0
384509,62705.0,46.0,8.0,14000.0
43331,60700.0,38.0,10.0,0.0
214069,62602.0,18.0,7.0,0.0
560814,63901.0,33.0,8.0,7700.0
261107,62203.0,41.0,11.0,12000.0
748959,65423.0,37.0,9.0,32000.0
110835,61402.0,39.0,13.0,33950.0
298011,62304.0,69.0,12.0,52900.0
847128,66110.0,34.0,10.0,39400.0
750216,65423.0,47.0,10.0,8960.0
798099,66107.0,44.0,3.0,0.0
778168,65200.0,20.0,11.0,15020.0
358914,62410.0,53.0,11.0,18800.0
551913,63800.0,19.0,9.0,4400.0
56449,60900.0,24.0,11.0,28200.0
338333,62406.0,23.0,8.0,8300.0
539565,64405.0,27.0,8.0,86000.0
72269,61103.0,24.0,9.0,4400.0
74072,61103.0,36.0,4.0,13300.0
427404,62801.0,29.0,11.0,4000.0
379565,62704.0,18.0,7.0,0.0
969972,67604.0,78.0,2.0,6200.0
169136,61800.0,89.0,14.0,14000.0
258830,62202.0,23.0,13.0,47800.0
80784,61202.0,38.0,11.0,75000.0
970557,67604.0,20.0,9.0,0.0
284281,62301.0,49.0,9.0,10000.0
453182,63301.0,26.0,11.0,12000.0
1179283,68109.0,25.0,9.0,15800.0
780568,66105.0,26.0,10.0,118000.0
604042,66300.0,28.0,11.0,13000.0
860592,66112.0,34.0,12.0,31000.0
662264,65408.0,47.0,13.0,27000.0
1118356,68200.0,37.0,10.0,0.0
981073,67605.0,65.0,9.0,9700.0
238891,62105.0,73.0,10.0,8000.0
846699,66110.0,31.0,12.0,0.0
77861,61201.0,57.0,11.0,35400.0
436876,62900.0,19.0,8.0,0.0
364610,62701.0,39.0,16.0,27000.0
1192896,68112.0,43.0,13.0,75580.0
602066,66200.0,35.0,9.0,10010.0
1071078,67700.0,26.0,10.0,28000.0
1105820,68004.0,79.0,7.0,17700.0
482941,63502.0,25.0,11.0,22000.0
1149591,68104.0,30.0,12.0,24020.0
751757,65424.0,34.0,3.0,0.0
748834,65423.0,28.0,9.0,0.0
368548,62701.0,42.0,13.0,37150.0
713893,65416.0,35.0,9.0,40000.0
1193079,68112.0,37.0,13.0,0.0
1027719,67200.0,62.0,11.0,50800.0
887595,66113.0,28.0,13.0,0.0
1099175,68002.0,41.0,13.0,0.0
151304,61601.0,30.0,13.0,60000.0
182773,61901.0,19.0,9.0,2390.0
45434,60700.0,65.0,9.0,39800.0
1052609,67602.0,38.0,14.0,8300.0
876936,66117.0,54.0,3.0,12000.0
193091,62001.0,76.0,9.0,18300.0
775541,65200.0,31.0,8.0,13300.0
460040,63302.0,71.0,11.0,28400.0
377026,62703.0,38.0,9.0,10800.0
705579,65415.0,37.0,2.0,18000.0
1141223,68102.0,37.0,9.0,1100.0
516740,64402.0,24.0,13.0,8000.0
32221,60500.0,76.0,13.0,26800.0
386626,62713.0,65.0,16.0,83600.0
837388,65000.0,65.0,1.0,14800.0
632150,65402.0,61.0,13.0,64500.0
857520,66112.0,34.0,11.0,0.0
596707,66702.0,26.0,13.0,31000.0
733157,65419.0,43.0,9.0,19000.0
177971,63200.0,70.0,12.0,9500.0
1182637,68109.0,34.0,15.0,40000.0
876695,66117.0,19.0,9.0,0.0
397443,62707.0,61.0,13.0,95000.0
492924,63503.0,47.0,6.0,0.0
861053,66112.0,28.0,13.0,20100.0
1184746,68110.0,50.0,10.0,6000.0
1222096,68116.0,45.0,13.0,86000.0
805352,66109.0,42.0,3.0,35380.0
1097191,68003.0,35.0,9.0,70000.0
1178763,68109.0,44.0,10.0,40000.0
350811,62409.0,43.0,14.0,120000.0
500394,64000.0,22.0,9.0,0.0
1126629,68101.0,54.0,11.0,30000.0
881940,66118.0,26.0,9.0,20000.0
918426,65703.0,35.0,13.0,38690.0
20416,60300.0,30.0,9.0,18000.0
538560,64405.0,74.0,11.0,14400.0
1086361,67802.0,18.0,7.0,2310.0
596490,66702.0,41.0,13.0,31700.0
567626,63902.0,26.0,11.0,8400.0
12032,60200.0,56.0,14.0,63000.0
178964,63200.0,73.0,11.0,15000.0
1156434,68105.0,39.0,11.0,26000.0
1072183,68001.0,42.0,10.0,20000.0
532822,64404.0,42.0,12.0,8000.0
638559,65403.0,77.0,10.0,31100.0
177280,63200.0,46.0,1.0,53000.0
1213607,68115.0,37.0,11.0,28000.0
1204279,68113.0,56.0,13.0,30020.0
737033,65420.0,38.0,11.0,40000.0
1001962,67100.0,50.0,13.0,71000.0
663447,65408.0,76.0,9.0,13900.0
790931,65100.0,65.0,13.0,48400.0
71768,61103.0,20.0,7.0,30000.0
1022189,66900.0,30.0,9.0,36900.0
590214,66702.0,78.0,13.0,14800.0
1006946,67300.0,20.0,11.0,15000.0
1145970,68104.0,40.0,13.0,45000.0
1182202,68109.0,50.0,13.0,118000.0
1094974,68003.0,42.0,1.0,4400.0
36842,60600.0,22.0,11.0,1000.0
78529,61201.0,47.0,13.0,325100.0
215967,62602.0,82.0,9.0,18800.0
65294,61101.0,93.0,12.0,0.0
157247,61700.0,46.0,12.0,41690.0
816993,66103.0,67.0,7.0,21300.0
399644,62707.0,36.0,10.0,40000.0
400212,62707.0,30.0,14.0,70000.0
205952,62500.0,50.0,13.0,6300.0
497260,63600.0,26.0,13.0,11000.0
706289,65415.0,70.0,13.0,33100.0
333250,62405.0,51.0,11.0,20000.0
1203094,68113.0,60.0,9.0,19000.0
526226,64403.0,19.0,9.0,3900.0
13665,60200.0,59.0,9.0,37690.0
147887,61601.0,76.0,9.0,17300.0
788303,66106.0,28.0,13.0,33200.0
314772,62402.0,32.0,16.0,75400.0
577848,63702.0,61.0,13.0,32800.0
760160,64500.0,21.0,11.0,16000.0
297603,62304.0,33.0,13.0,103000.0
853050,66111.0,44.0,6.0,9900.0
121526,61501.0,61.0,7.0,12500.0
296451,62304.0,30.0,14.0,60000.0
911183,65702.0,26.0,13.0,29000.0
107421,61401.0,36.0,11.0,21400.0
604928,66300.0,24.0,9.0,25000.0
963507,67000.0,65.0,7.0,11500.0
1056126,67603.0,40.0,13.0,6800.0
151056,61601.0,65.0,10.0,22200.0
634884,65402.0,72.0,8.0,11500.0
632905,65402.0,49.0,9.0,50000.0
167294,61800.0,31.0,11.0,19000.0
587011,66701.0,21.0,9.0,4000.0
1207369,68114.0,49.0,1.0,0.0
1164777,68106.0,40.0,11.0,450.0
1004032,67100.0,53.0,3.0,7300.0
1194078,68112.0,65.0,9.0,142300.0
931612,66121.0,45.0,13.0,100000.0
803516,66108.0,31.0,16.0,147000.0
1112887,68004.0,68.0,12.0,577300.0
680611,65411.0,57.0,13.0,45800.0
13279,60200.0,62.0,5.0,8700.0
709962,65416.0,76.0,8.0,5000.0
754712,65424.0,45.0,3.0,18000.0
1063494,67607.0,40.0,11.0,50000.0
599250,66200.0,28.0,11.0,20000.0
838208,65000.0,39.0,9.0,12000.0
640587,65405.0,58.0,11.0,52000.0
760674,64500.0,67.0,12.0,127900.0
1079273,68001.0,21.0,10.0,0.0
856877,66112.0,49.0,14.0,0.0
574657,63701.0,69.0,9.0,0.0
1001896,67100.0,24.0,9.0,6000.0
908939,65702.0,62.0,1.0,7300.0
74915,61103.0,77.0,6.0,39700.0
86521,61000.0,56.0,12.0,0.0
659148,65408.0,33.0,11.0,55000.0
37528,60600.0,48.0,11.0,20000.0
986464,66801.0,50.0,9.0,0.0
76465,61201.0,42.0,11.0,62240.0
774991,65200.0,43.0,13.0,65000.0
270543,62205.0,35.0,11.0,37510.0
712041,65416.0,93.0,10.0,7200.0
810402,66102.0,52.0,9.0,7400.0
732108,65419.0,54.0,13.0,3000.0
985763,66801.0,47.0,7.0,45000.0
607382,66400.0,65.0,14.0,325000.0
52870,60900.0,19.0,11.0,2000.0
269452,62205.0,20.0,9.0,20800.0
580845,63702.0,66.0,7.0,5500.0
974256,67605.0,38.0,13.0,90000.0
650201,65406.0,40.0,13.0,0.0
1071951,68001.0,25.0,8.0,26000.0
961236,66126.0,69.0,14.0,31200.0
854254,66111.0,20.0,11.0,16000.0
840030,65000.0,19.0,11.0,0.0
254974,62201.0,18.0,11.0,0.0
153370,61602.0,19.0,2.0,3000.0
729795,65419.0,83.0,15.0,0.0
418549,62711.0,45.0,13.0,22000.0
194291,62001.0,59.0,7.0,58000.0
771971,66101.0,37.0,13.0,65000.0
1093940,68003.0,71.0,9.0,25100.0
212532,62602.0,33.0,13.0,12100.0
227168,62103.0,74.0,11.0,25300.0
1063793,67607.0,25.0,13.0,42500.0
309845,62401.0,84.0,7.0,9300.0
677374,65411.0,70.0,14.0,15000.0
432646,62802.0,93.0,13.0,7200.0
37866,60600.0,53.0,13.0,55000.0
742560,65421.0,45.0,9.0,89400.0
715945,65417.0,87.0,1.0,11300.0
159404,61700.0,34.0,13.0,15700.0
230863,62104.0,80.0,13.0,22500.0
717187,65417.0,41.0,6.0,9100.0
534475,64404.0,37.0,11.0,21000.0
1130274,68101.0,45.0,13.0,0.0
219326,62101.0,37.0,11.0,20000.0
833369,64900.0,72.0,8.0,5000.0
1102154,68002.0,33.0,13.0,38000.0
879914,66118.0,46.0,12.0,36700.0
83058,61202.0,31.0,13.0,75000.0
1065469,67607.0,57.0,14.0,100500.0
1126390,68101.0,19.0,9.0,27000.0
953296,66125.0,44.0,13.0,35000.0
1081177,67801.0,34.0,11.0,0.0
628002,65401.0,69.0,16.0,95000.0
44424,60700.0,40.0,13.0,10000.0
256813,62202.0,58.0,8.0,20000.0
843239,65300.0,38.0,4.0,10000.0
923899,66120.0,20.0,9.0,14300.0
1033476,67200.0,77.0,9.0,12000.0
973180,67604.0,51.0,13.0,94250.0
974493,67605.0,65.0,11.0,7100.0
488772,63503.0,71.0,9.0,23800.0
1215684,68115.0,26.0,9.0,24000.0
1102991,68002.0,71.0,12.0,26200.0
386224,62705.0,25.0,9.0,17000.0
721915,65414.0,93.0,9.0,151400.0
433723,62900.0,26.0,13.0,12000.0
548860,64407.0,33.0,9.0,6000.0
761964,64600.0,40.0,13.0,30000.0
963108,67000.0,60.0,13.0,335000.0
721572,65414.0,33.0,8.0,0.0
543956,64406.0,21.0,10.0,35000.0
539227,64405.0,34.0,12.0,35000.0
776741,65200.0,26.0,5.0,32000.0
1023182,66900.0,25.0,14.0,7320.0
1102712,68002.0,31.0,14.0,45000.0
120389,61501.0,36.0,13.0,14000.0
893178,66114.0,42.0,11.0,47500.0
158608,61700.0,37.0,9.0,90.0
1165467,68106.0,25.0,11.0,41000.0
849789,66110.0,93.0,10.0,3400.0
275053,62206.0,59.0,15.0,98000.0
1008965,67300.0,18.0,10.0,3000.0
613939,66500.0,62.0,13.0,13300.0
1055072,67603.0,30.0,11.0,23000.0
851396,66110.0,58.0,13.0,19000.0
977292,67605.0,52.0,13.0,48200.0
197402,62002.0,51.0,11.0,325000.0
226321,62103.0,41.0,13.0,4500.0
1172969,68108.0,34.0,8.0,810.0
228062,62103.0,47.0,9.0,42000.0
568363,63903.0,49.0,13.0,85000.0
660241,65408.0,46.0,12.0,61300.0
350962,62409.0,36.0,13.0,0.0
341863,62407.0,29.0,4.0,9000.0
642450,65405.0,67.0,11.0,8250.0
45066,60700.0,61.0,7.0,35000.0
250775,62201.0,23.0,13.0,14300.0
62456,61101.0,55.0,9.0,50000.0
817550,66103.0,42.0,3.0,5700.0
189285,62001.0,48.0,11.0,6000.0
623892,66602.0,40.0,12.0,10700.0
1128821,68101.0,29.0,12.0,40000.0
1182911,68109.0,37.0,13.0,55000.0
202020,62500.0,39.0,13.0,22600.0
89371,61000.0,46.0,5.0,11800.0
261301,62203.0,50.0,11.0,37000.0
748823,65423.0,46.0,7.0,79000.0
549077,64407.0,32.0,9.0,15000.0
1191474,68111.0,31.0,14.0,35700.0
735622,65420.0,30.0,9.0,0.0
230190,62104.0,58.0,15.0,345000.0
113255,61403.0,53.0,14.0,80200.0
124486,61502.0,78.0,9.0,23600.0
550318,64407.0,30.0,5.0,0.0
795101,65800.0,53.0,9.0,0.0
887778,66113.0,40.0,8.0,12000.0
667601,65409.0,93.0,8.0,0.0
1084168,67802.0,25.0,7.0,16000.0
805882,66109.0,32.0,4.0,18000.0
444460,63002.0,69.0,9.0,13200.0
615417,66500.0,18.0,8.0,0.0
1181269,68109.0,26.0,12.0,20000.0
621542,66602.0,37.0,12.0,44000.0
1166350,68108.0,48.0,8.0,17000.0
314692,62402.0,66.0,13.0,44690.0
824030,66104.0,53.0,13.0,56000.0
322254,62403.0,35.0,14.0,21470.0
289931,62302.0,47.0,8.0,25000.0
605019,66300.0,47.0,11.0,80000.0
1025774,66900.0,37.0,13.0,79300.0
1207633,68114.0,78.0,5.0,12000.0
1095215,68003.0,79.0,8.0,9700.0
924479,66120.0,38.0,12.0,22300.0
392723,62714.0,62.0,11.0,27020.0
197871,62002.0,44.0,12.0,50000.0
767237,64700.0,48.0,11.0,197000.0
1041920,67606.0,23.0,13.0,2500.0
403494,62708.0,39.0,13.0,120000.0
19177,60300.0,52.0,12.0,30100.0
201085,62500.0,43.0,13.0,72700.0
174209,63100.0,65.0,9.0,16620.0
332815,62405.0,35.0,10.0,33230.0
138974,61505.0,37.0,6.0,27800.0
294810,62304.0,58.0,13.0,80100.0
201899,62500.0,86.0,5.0,7200.0
855299,66111.0,40.0,9.0,41200.0
740876,65421.0,79.0,5.0,12800.0
318743,62402.0,21.0,13.0,0.0
525426,64403.0,24.0,10.0,12900.0
121974,61501.0,38.0,14.0,30000.0
861570,66112.0,79.0,13.0,8100.0
393142,62714.0,49.0,9.0,87000.0
872731,66116.0,50.0,9.0,21500.0
1027781,67200.0,64.0,7.0,6400.0
721653,65414.0,25.0,11.0,19200.0
529192,64403.0,53.0,1.0,4900.0
1173365,68108.0,76.0,6.0,13400.0
905829,65701.0,43.0,9.0,21700.0
375479,62703.0,20.0,8.0,2900.0
1076400,68001.0,40.0,10.0,37250.0
414728,62710.0,48.0,11.0,5000.0
149891,61601.0,53.0,9.0,16000.0
884649,66113.0,26.0,2.0,2300.0
1167158,68108.0,35.0,11.0,50000.0
1095090,68003.0,38.0,9.0,21000.0
372920,62702.0,30.0,13.0,0.0
145537,61506.0,66.0,10.0,10400.0
1088079,67900.0,25.0,11.0,2000.0
1159904,68103.0,20.0,9.0,10700.0
82373,61202.0,39.0,15.0,8000.0
212871,62602.0,60.0,4.0,750.0
1214440,68115.0,54.0,9.0,31800.0
931147,66121.0,69.0,15.0,122700.0
184130,61901.0,78.0,9.0,10100.0
208043,62601.0,24.0,12.0,11000.0
848910,66110.0,35.0,9.0,38200.0
1071814,68001.0,37.0,5.0,0.0
977021,67605.0,18.0,10.0,0.0
724900,65414.0,26.0,14.0,0.0
16348,60300.0,46.0,13.0,0.0
534484,64404.0,37.0,13.0,2500.0
108935,61402.0,70.0,10.0,22200.0
637755,65403.0,44.0,9.0,16000.0
970815,67604.0,29.0,14.0,37000.0
907568,65701.0,36.0,10.0,0.0
351666,62409.0,34.0,13.0,44000.0
412880,62710.0,60.0,13.0,52000.0
476117,63402.0,31.0,9.0,20000.0
483584,63502.0,40.0,15.0,48000.0
257001,62202.0,53.0,9.0,12000.0
759741,64500.0,64.0,6.0,0.0
764171,64600.0,72.0,9.0,41100.0
57963,61101.0,48.0,13.0,0.0
652700,65406.0,36.0,13.0,79060.0
10174,60200.0,52.0,9.0,47200.0
645293,65404.0,43.0,12.0,66000.0
51176,60800.0,36.0,12.0,38000.0
607228,66400.0,62.0,9.0,16560.0
1091908,68003.0,47.0,3.0,8000.0
874720,66117.0,73.0,9.0,5400.0
852325,66110.0,42.0,10.0,25300.0
1131089,68101.0,93.0,6.0,7500.0
760079,64500.0,23.0,9.0,0.0
164649,61800.0,43.0,11.0,-300.0
327730,62404.0,24.0,11.0,0.0
1024652,66900.0,34.0,10.0,49300.0
275919,62206.0,50.0,10.0,0.0
1060119,67603.0,35.0,14.0,325000.0
1000492,67100.0,93.0,9.0,0.0
1060451,67607.0,56.0,13.0,20000.0
884821,66113.0,26.0,11.0,15000.0
342436,62407.0,45.0,12.0,50000.0
370037,62702.0,27.0,13.0,130000.0
1133264,68101.0,27.0,9.0,22000.0
924436,66120.0,42.0,5.0,16000.0
1005429,67300.0,51.0,11.0,88000.0
894349,66115.0,34.0,12.0,0.0
921646,65600.0,79.0,14.0,8000.0
1082074,67801.0,48.0,9.0,39000.0
6435,60100.0,43.0,4.0,22500.0
493365,63503.0,43.0,9.0,8100.0
913839,65703.0,30.0,6.0,0.0
576006,63701.0,38.0,6.0,4800.0
357950,62410.0,31.0,13.0,68000.0
989194,66802.0,35.0,8.0,25000.0
230963,62104.0,51.0,9.0,42500.0
416196,62711.0,26.0,10.0,12000.0
868758,66000.0,51.0,9.0,42000.0
776571,65200.0,45.0,8.0,0.0
941100,66123.0,29.0,11.0,12700.0
283904,62301.0,19.0,9.0,0.0
585203,66701.0,39.0,12.0,32100.0
183300,61901.0,31.0,5.0,1400.0
698386,65413.0,48.0,3.0,11400.0
1089713,67900.0,43.0,9.0,0.0
956867,66125.0,49.0,13.0,0.0
820133,66104.0,37.0,3.0,0.0
433861,62900.0,27.0,8.0,15200.0
57977,61101.0,77.0,13.0,35000.0
774704,65200.0,28.0,5.0,0.0
1143287,68102.0,36.0,9.0,41000.0
133741,61503.0,45.0,7.0,25000.0
149467,61601.0,35.0,10.0,21700.0
789997,65100.0,39.0,3.0,36000.0
513136,64401.0,34.0,14.0,55000.0
177227,63200.0,29.0,9.0,25000.0
364061,62701.0,49.0,15.0,251000.0
213853,62602.0,51.0,11.0,3400.0
355110,62409.0,52.0,14.0,46900.0
1042299,67606.0,49.0,13.0,102010.0
373318,62702.0,25.0,14.0,78000.0
843659,65300.0,65.0,3.0,118300.0
685453,65412.0,28.0,13.0,581000.0
695220,65413.0,51.0,5.0,7200.0
945828,66124.0,35.0,7.0,25000.0
1181166,68109.0,24.0,9.0,0.0
925679,66120.0,52.0,9.0,4370.0
113141,61403.0,36.0,10.0,70000.0
285390,62301.0,50.0,5.0,55000.0
261330,62203.0,45.0,1.0,0.0
662956,65408.0,38.0,13.0,40060.0
361056,62410.0,33.0,10.0,40000.0
898381,66115.0,60.0,11.0,0.0
552865,63800.0,35.0,9.0,7800.0
877057,66117.0,57.0,13.0,212000.0
666758,65409.0,56.0,11.0,29000.0
759962,64500.0,45.0,10.0,31200.0
244583,62107.0,24.0,4.0,8900.0
1152172,68105.0,55.0,1.0,11500.0
19986,60300.0,33.0,10.0,22000.0
595417,66702.0,74.0,10.0,10600.0
195998,62002.0,46.0,9.0,12140.0
825554,66104.0,47.0,11.0,0.0
789092,66106.0,43.0,13.0,56520.0
486533,63503.0,42.0,9.0,30000.0
832712,64900.0,37.0,6.0,40000.0
999909,67100.0,69.0,11.0,25800.0
735916,65420.0,69.0,15.0,34950.0
1142315,68102.0,18.0,8.0,1500.0
816453,66103.0,25.0,8.0,0.0
1070667,67700.0,48.0,14.0,69050.0
1147978,68104.0,54.0,13.0,100.0
1158894,68103.0,43.0,13.0,15000.0
266130,62204.0,34.0,13.0,100000.0
147186,61601.0,68.0,10.0,24900.0
1090163,67900.0,46.0,10.0,13300.0
645767,65404.0,77.0,3.0,8000.0
198835,62002.0,78.0,4.0,8000.0
1173743,68108.0,39.0,13.0,30630.0
246136,62107.0,40.0,9.0,16000.0
2307,60100.0,64.0,9.0,15640.0
154612,61602.0,33.0,13.0,97000.0
795850,65800.0,41.0,8.0,33000.0
812421,66102.0,41.0,12.0,7200.0
118233,61403.0,18.0,9.0,1000.0
199885,62002.0,49.0,10.0,26000.0
207239,62601.0,36.0,9.0,2200.0
974154,67605.0,47.0,13.0,50000.0
403395,62708.0,35.0,13.0,16700.0
267211,62204.0,73.0,8.0,8300.0
464452,63401.0,45.0,13.0,3000.0
199486,62002.0,27.0,11.0,28700.0
839673,65000.0,48.0,12.0,31200.0
68187,61102.0,56.0,9.0,20500.0
981344,66801.0,35.0,6.0,16000.0
921267,65600.0,30.0,9.0,10700.0
771022,66101.0,43.0,12.0,32000.0
611842,66500.0,27.0,13.0,107000.0
1147449,68104.0,53.0,15.0,24000.0
174601,63100.0,34.0,9.0,54000.0
145589,61506.0,61.0,6.0,4200.0
620058,66601.0,43.0,11.0,26750.0
129033,61504.0,65.0,13.0,68900.0
445751,63002.0,68.0,14.0,141700.0
711119,65416.0,47.0,13.0,23600.0
201523,62500.0,24.0,9.0,30000.0
800608,66107.0,40.0,9.0,8100.0
820876,66104.0,41.0,12.0,0.0
1096612,68003.0,56.0,8.0,15600.0
456998,63301.0,31.0,4.0,7200.0
67981,61102.0,34.0,9.0,23000.0
995148,67400.0,30.0,12.0,32000.0
739954,65421.0,56.0,11.0,29700.0
479850,63501.0,39.0,4.0,0.0
431087,62802.0,65.0,10.0,19010.0
190909,62001.0,25.0,9.0,28000.0
997249,67400.0,20.0,11.0,7500.0
280449,62301.0,43.0,9.0,17010.0
12703,60200.0,53.0,7.0,0.0
79681,61201.0,18.0,9.0,1700.0
1115008,68005.0,19.0,9.0,12000.0
483988,63502.0,33.0,13.0,50000.0
468907,63401.0,27.0,12.0,5500.0
484235,63502.0,52.0,13.0,33300.0
1153133,68105.0,27.0,13.0,0.0
683030,65411.0,40.0,13.0,0.0
449796,63002.0,18.0,7.0,0.0
930146,66121.0,36.0,11.0,15300.0
599171,66200.0,40.0,10.0,23400.0
450798,63002.0,39.0,13.0,1000.0
371489,62702.0,22.0,11.0,63000.0
609329,66400.0,52.0,10.0,55000.0
562275,63901.0,42.0,1.0,6000.0
499644,64000.0,58.0,13.0,0.0
308462,62401.0,20.0,9.0,0.0
549723,64407.0,67.0,14.0,61050.0
932009,66122.0,48.0,11.0,30000.0
33061,60600.0,32.0,3.0,8000.0
752668,65424.0,75.0,6.0,19500.0
343687,62407.0,46.0,11.0,63500.0
614766,66500.0,31.0,13.0,53700.0
985824,66801.0,52.0,5.0,640.0
1122241,68200.0,35.0,9.0,0.0
338368,62406.0,19.0,8.0,0.0
53846,60900.0,33.0,3.0,70000.0
236102,62105.0,52.0,13.0,114000.0
25783,60400.0,40.0,11.0,62800.0
839990,65000.0,26.0,12.0,19000.0
1114720,68005.0,67.0,3.0,21700.0
1178652,68109.0,26.0,11.0,19200.0
681167,65411.0,19.0,11.0,600.0
549288,64407.0,55.0,13.0,47700.0
190913,62001.0,30.0,8.0,17800.0
164609,61800.0,39.0,13.0,12000.0
303460,62305.0,22.0,9.0,21900.0
135194,61503.0,27.0,11.0,6000.0
159668,61700.0,28.0,9.0,20000.0
442818,63001.0,24.0,9.0,7800.0
350058,62409.0,43.0,12.0,19900.0
863186,65900.0,55.0,9.0,0.0
1066000,67607.0,36.0,13.0,6000.0
667636,65409.0,46.0,16.0,120000.0
633857,65402.0,27.0,3.0,0.0
829394,64800.0,28.0,11.0,48000.0
1183012,68109.0,67.0,13.0,8300.0
117110,61403.0,46.0,14.0,70000.0
1023047,66900.0,58.0,10.0,0.0
1134536,68107.0,35.0,9.0,17000.0
1009173,67300.0,33.0,13.0,70000.0
846691,66110.0,37.0,14.0,63600.0
298688,62304.0,45.0,9.0,62300.0
614379,66500.0,39.0,14.0,325000.0
630779,65401.0,68.0,9.0,12180.0
17902,60300.0,93.0,7.0,26880.0
685170,65412.0,53.0,9.0,20400.0
426864,62801.0,26.0,10.0,10500.0
539815,64405.0,22.0,10.0,13000.0
294084,62303.0,30.0,11.0,50060.0
280827,62301.0,68.0,9.0,8400.0
643335,65405.0,50.0,9.0,12000.0
311088,62401.0,68.0,9.0,8500.0
1007411,67300.0,54.0,13.0,86500.0
1155863,68105.0,19.0,6.0,8000.0
786612,66106.0,43.0,12.0,20000.0
549549,64407.0,51.0,11.0,55000.0
981423,66801.0,26.0,13.0,5000.0
153268,61602.0,25.0,10.0,18300.0
547964,64407.0,65.0,11.0,9100.0
1089237,67900.0,81.0,10.0,12400.0
865923,66000.0,33.0,9.0,7600.0
1011127,67501.0,33.0,9.0,15000.0
602195,66200.0,32.0,7.0,26000.0
748536,65423.0,23.0,9.0,0.0
47414,60800.0,70.0,9.0,9700.0
100464,61303.0,32.0,13.0,1100.0
877301,66117.0,18.0,6.0,0.0
465588,63401.0,76.0,10.0,22480.0
948661,66124.0,31.0,10.0,36000.0
919231,65600.0,73.0,9.0,12900.0
676477,65410.0,62.0,16.0,147800.0
388193,62713.0,35.0,11.0,48050.0
650881,65406.0,37.0,12.0,0.0
276,60100.0,37.0,11.0,50100.0
427569,62801.0,43.0,9.0,40.0
786315,66106.0,51.0,11.0,50000.0
746413,65422.0,20.0,9.0,9000.0
468510,63401.0,23.0,9.0,0.0
554009,63800.0,39.0,13.0,12100.0
354099,62409.0,36.0,9.0,50000.0
281425,62301.0,51.0,12.0,80780.0
1154104,68105.0,29.0,6.0,0.0
175249,63100.0,19.0,11.0,10000.0
761023,64500.0,44.0,10.0,1400.0
1103265,68002.0,25.0,13.0,75000.0
798618,66107.0,20.0,9.0,14000.0
738492,65420.0,63.0,2.0,0.0
742640,65421.0,47.0,11.0,28800.0
981160,67605.0,29.0,11.0,56000.0
1095658,68003.0,65.0,13.0,3900.0
807089,66109.0,26.0,8.0,0.0
714441,65416.0,42.0,9.0,13500.0
733736,65419.0,77.0,6.0,8600.0
785621,66106.0,22.0,10.0,9000.0
1000232,67100.0,19.0,9.0,0.0
908377,65702.0,19.0,7.0,0.0
343551,62407.0,42.0,11.0,81300.0
1192882,68112.0,27.0,14.0,60000.0
1141699,68102.0,32.0,9.0,0.0
4532,60100.0,93.0,8.0,9400.0
99230,61302.0,45.0,12.0,16900.0
1143277,68102.0,79.0,2.0,770.0
1138893,68107.0,38.0,16.0,134000.0
1114411,68005.0,20.0,9.0,0.0
1006474,67300.0,23.0,11.0,23000.0
49444,60800.0,61.0,9.0,13000.0
683569,65411.0,38.0,13.0,40500.0
306496,62306.0,73.0,9.0,16400.0
1058859,67603.0,23.0,11.0,15100.0
967878,67604.0,31.0,11.0,25500.0
819581,66104.0,34.0,12.0,46000.0
1152574,68105.0,18.0,9.0,0.0
1146189,68104.0,81.0,9.0,105510.0
495424,63600.0,20.0,10.0,21000.0
799182,66107.0,30.0,9.0,26000.0
300625,62305.0,24.0,12.0,49000.0
189996,62001.0,50.0,9.0,37000.0
1133931,68101.0,53.0,13.0,65000.0
842272,65300.0,47.0,6.0,9600.0
365628,62701.0,28.0,14.0,20200.0
163189,61800.0,41.0,12.0,5500.0
45102,60700.0,41.0,3.0,12000.0
435424,62900.0,31.0,9.0,22000.0
540521,64405.0,70.0,12.0,164500.0
970784,67604.0,72.0,9.0,6200.0
558426,63800.0,35.0,5.0,6000.0
438607,63001.0,39.0,8.0,0.0
1167257,68108.0,18.0,10.0,0.0
1084804,67802.0,73.0,12.0,21100.0
990929,66802.0,48.0,9.0,27100.0
504463,64100.0,44.0,11.0,50000.0
695779,65413.0,31.0,15.0,65000.0
656422,65407.0,43.0,5.0,15000.0
944560,66123.0,39.0,12.0,60000.0
26125,60400.0,83.0,11.0,19500.0
324532,62404.0,26.0,9.0,23300.0
663677,65408.0,62.0,3.0,7600.0
1145487,68104.0,40.0,11.0,46000.0
1188076,68111.0,59.0,12.0,51000.0
1156430,68105.0,33.0,9.0,38000.0
1038487,67606.0,41.0,1.0,13000.0
559606,63901.0,29.0,3.0,16000.0
559324,63901.0,55.0,13.0,13200.0
742375,65421.0,46.0,5.0,2700.0
758682,64500.0,76.0,10.0,20100.0
393575,62706.0,46.0,3.0,0.0
145176,61506.0,29.0,13.0,42350.0
100008,61302.0,32.0,11.0,38000.0
460135,63302.0,68.0,3.0,8600.0
500849,64000.0,93.0,1.0,4100.0
386793,62713.0,70.0,3.0,690.0
699924,65413.0,41.0,9.0,12500.0
282905,62301.0,23.0,13.0,5404.0
481997,63502.0,29.0,9.0,0.0
1182478,68109.0,42.0,11.0,0.0
131626,61504.0,24.0,11.0,5400.0
953198,66125.0,30.0,10.0,40000.0
397649,62707.0,71.0,11.0,149900.0
770249,66101.0,36.0,4.0,35500.0
772134,66101.0,33.0,14.0,15190.0
681381,65411.0,25.0,14.0,19000.0
1210624,68115.0,34.0,13.0,42000.0
1199112,68113.0,46.0,15.0,121000.0
340882,62407.0,33.0,12.0,35000.0
482262,63502.0,64.0,11.0,19810.0
361337,62701.0,42.0,14.0,325200.0
989580,66802.0,40.0,12.0,93000.0
716754,65417.0,24.0,9.0,0.0
1221723,68116.0,40.0,1.0,4500.0
1173490,68108.0,26.0,13.0,23600.0
650554,65406.0,38.0,14.0,6000.0
3892,60100.0,69.0,11.0,28000.0
815242,66103.0,79.0,8.0,7200.0
1037141,67606.0,40.0,2.0,35000.0
1205133,68114.0,58.0,10.0,0.0
1210381,68114.0,26.0,11.0,33700.0
589815,66702.0,73.0,9.0,17000.0
1139952,68102.0,30.0,11.0,55000.0
616285,66601.0,48.0,9.0,24000.0
243947,62107.0,48.0,11.0,10000.0
312903,62401.0,47.0,14.0,51500.0
6971,60100.0,55.0,13.0,177000.0
1156373,68105.0,26.0,11.0,33000.0
714232,65416.0,88.0,9.0,2600.0
617368,66601.0,44.0,9.0,49000.0
673714,65410.0,28.0,15.0,30000.0
743024,65421.0,35.0,8.0,0.0
895921,66115.0,23.0,8.0,2700.0
145345,61506.0,46.0,8.0,8000.0
545856,64406.0,46.0,11.0,35000.0
948448,66124.0,37.0,8.0,7500.0
985212,66801.0,24.0,10.0,28000.0
421585,62712.0,36.0,7.0,70000.0
1077675,68001.0,82.0,9.0,12000.0
1197016,68112.0,55.0,14.0,88200.0
1080377,67801.0,48.0,13.0,28000.0
847275,66110.0,43.0,2.0,75000.0
956487,66125.0,84.0,13.0,12000.0
260986,62203.0,46.0,13.0,24300.0
983283,66801.0,33.0,4.0,14000.0
226269,62103.0,32.0,12.0,30000.0
800316,66107.0,47.0,16.0,68050.0
625751,65401.0,20.0,10.0,0.0
645626,65404.0,38.0,12.0,55000.0
819023,66104.0,57.0,12.0,35100.0
195584,62002.0,38.0,9.0,24000.0
120227,61501.0,23.0,10.0,10300.0
482993,63502.0,22.0,8.0,20800.0
173078,63100.0,61.0,9.0,22250.0
722656,65414.0,22.0,11.0,3200.0
379852,62704.0,33.0,13.0,60000.0
400160,62707.0,43.0,13.0,100000.0
499234,64000.0,39.0,9.0,22000.0
476519,63402.0,59.0,12.0,6000.0
798988,66107.0,66.0,11.0,15800.0
695543,65413.0,26.0,9.0,3500.0
481241,63501.0,40.0,8.0,11600.0
837378,65000.0,20.0,9.0,0.0
66929,61102.0,85.0,10.0,42000.0
1073934,68001.0,72.0,4.0,7700.0
750009,65423.0,45.0,9.0,40000.0
810797,66102.0,41.0,11.0,10000.0
496209,63600.0,19.0,3.0,6000.0
155736,61602.0,58.0,9.0,137000.0
1074089,68001.0,57.0,14.0,63000.0
914728,65703.0,93.0,13.0,145000.0
487086,63503.0,19.0,9.0,2000.0
603418,66300.0,29.0,2.0,0.0
797951,66107.0,36.0,9.0,35000.0
607817,66400.0,49.0,10.0,134400.0
918951,65600.0,43.0,15.0,3100.0
381941,62704.0,19.0,10.0,9900.0
319022,62402.0,45.0,9.0,17000.0
639683,65405.0,68.0,11.0,8300.0
1201346,68113.0,18.0,9.0,1500.0
1173117,68108.0,18.0,9.0,170.0
884187,66118.0,66.0,11.0,170200.0
990117,66802.0,60.0,9.0,30000.0
539339,64405.0,63.0,13.0,71000.0
1215245,68115.0,37.0,9.0,31340.0
1213870,68115.0,51.0,4.0,3400.0
882096,66118.0,22.0,11.0,6900.0
572196,63903.0,26.0,11.0,20000.0
502591,64000.0,33.0,11.0,2000.0
652349,65406.0,47.0,11.0,60000.0
1049828,67602.0,37.0,12.0,53000.0
825361,66104.0,27.0,9.0,0.0
384688,62705.0,45.0,13.0,79000.0
731389,65419.0,49.0,4.0,21600.0
1173058,68108.0,19.0,8.0,0.0
82426,61202.0,38.0,13.0,0.0
367298,62701.0,52.0,13.0,0.0
220245,62101.0,75.0,3.0,15600.0
324265,62403.0,46.0,14.0,14500.0
344833,62408.0,53.0,13.0,0.0
127697,61504.0,29.0,11.0,8800.0
1147225,68104.0,73.0,5.0,13300.0
665794,65409.0,61.0,14.0,76200.0
908155,65702.0,36.0,3.0,2800.0
567088,63902.0,55.0,9.0,12000.0
267131,62204.0,43.0,11.0,325000.0
1047699,67601.0,32.0,13.0,72000.0
355957,62410.0,20.0,10.0,17000.0
980242,67605.0,47.0,13.0,80000.0
258949,62202.0,54.0,13.0,65000.0
372095,62702.0,33.0,13.0,27000.0
124106,61502.0,22.0,10.0,20500.0
1072176,68001.0,55.0,6.0,3000.0
1053717,67602.0,30.0,13.0,54000.0
761511,64600.0,46.0,10.0,52000.0
1182382,68109.0,43.0,11.0,0.0
114540,61403.0,63.0,12.0,34800.0
824211,66104.0,18.0,10.0,0.0
948847,66124.0,49.0,9.0,11000.0
200710,62500.0,82.0,14.0,27700.0
823117,66104.0,23.0,13.0,20000.0
560860,63901.0,52.0,10.0,23900.0
361351,62701.0,52.0,16.0,3600.0
1142874,68102.0,54.0,12.0,17000.0
1209674,68114.0,39.0,12.0,43250.0
867059,66000.0,58.0,5.0,0.0
623184,66602.0,72.0,15.0,0.0
972755,67604.0,40.0,10.0,87000.0
4001,60100.0,61.0,12.0,40200.0
180070,63200.0,31.0,8.0,17000.0
688083,65412.0,22.0,11.0,8000.0
235626,62105.0,50.0,14.0,115000.0
26481,60400.0,58.0,11.0,9700.0
143808,61506.0,64.0,14.0,56000.0
446563,63002.0,24.0,9.0,0.0
303058,62305.0,46.0,11.0,6000.0
281533,62301.0,57.0,2.0,13000.0
1144826,68104.0,65.0,12.0,7200.0
19603,60300.0,51.0,12.0,4300.0
192964,62001.0,54.0,11.0,68000.0
276072,62206.0,25.0,13.0,32000.0
981102,67605.0,52.0,10.0,14000.0
830004,64900.0,32.0,13.0,13000.0
31561,60500.0,43.0,11.0,20000.0
330188,62405.0,37.0,13.0,325000.0
443950,63002.0,58.0,11.0,174000.0
344089,62407.0,61.0,1.0,0.0
718991,65417.0,31.0,9.0,4000.0
214565,62602.0,80.0,2.0,4100.0
547263,64406.0,77.0,10.0,19700.0
502107,64000.0,34.0,9.0,17000.0
1119656,68200.0,22.0,1.0,0.0
670465,65409.0,44.0,5.0,5000.0
412711,62710.0,24.0,9.0,1000.0
883147,66118.0,64.0,9.0,0.0
1175938,68109.0,68.0,13.0,5700.0
859426,66112.0,61.0,15.0,63010.0
378010,62703.0,24.0,13.0,60000.0
152967,61602.0,39.0,11.0,327000.0
1006718,67300.0,37.0,16.0,80000.0
421178,62712.0,26.0,8.0,32000.0
538273,64405.0,46.0,9.0,12000.0
1172727,68108.0,20.0,9.0,4300.0
78203,61201.0,74.0,14.0,25700.0
390029,62714.0,34.0,9.0,25000.0
145728,61506.0,39.0,14.0,17800.0
956768,66125.0,26.0,13.0,35000.0
740841,65421.0,71.0,9.0,4000.0
906119,65701.0,76.0,9.0,61800.0
1166527,68108.0,93.0,7.0,7900.0
1007912,67300.0,86.0,11.0,27400.0
619499,66601.0,69.0,10.0,12800.0
119771,61501.0,27.0,11.0,3500.0
881250,66118.0,56.0,11.0,36000.0
659493,65408.0,26.0,7.0,17000.0
598079,66200.0,87.0,13.0,150600.0
616181,66601.0,55.0,12.0,17500.0
701967,65415.0,45.0,9.0,40000.0
558761,63901.0,66.0,2.0,8300.0
134363,61503.0,46.0,14.0,25000.0
680245,65411.0,43.0,14.0,162000.0
297483,62304.0,32.0,13.0,45000.0
69291,61102.0,42.0,12.0,61000.0
683985,65411.0,78.0,13.0,17000.0
467124,63401.0,66.0,4.0,11100.0
157219,61700.0,62.0,8.0,1400.0
1012655,67501.0,19.0,9.0,0.0
62416,61101.0,30.0,11.0,12000.0
916088,65703.0,57.0,13.0,92000.0
258608,62202.0,26.0,13.0,21000.0
1142135,68102.0,40.0,9.0,36100.0
284268,62301.0,34.0,8.0,28500.0
243823,62107.0,53.0,9.0,54000.0
1162916,68106.0,38.0,14.0,83300.0
887605,66113.0,23.0,4.0,28000.0
811482,66102.0,30.0,5.0,0.0
673443,65410.0,30.0,13.0,32260.0
392718,62714.0,84.0,1.0,8400.0
851738,66110.0,43.0,13.0,26500.0
816203,66103.0,46.0,8.0,26500.0
993598,67400.0,24.0,12.0,7000.0
538436,64405.0,33.0,15.0,0.0
370176,62702.0,26.0,13.0,0.0
1006032,67300.0,43.0,13.0,55500.0
579634,63702.0,34.0,11.0,32200.0
449755,63002.0,47.0,12.0,8300.0
543850,64406.0,59.0,9.0,31500.0
47496,60800.0,46.0,13.0,29220.0
947566,66124.0,78.0,12.0,14200.0
580883,63702.0,59.0,9.0,32200.0
174477,63100.0,67.0,14.0,5000.0
33741,60600.0,50.0,11.0,4810.0
1001404,67100.0,48.0,11.0,60.0
494698,63600.0,34.0,11.0,0.0
881787,66118.0,56.0,10.0,19700.0
641185,65405.0,42.0,8.0,43600.0
871922,66116.0,81.0,1.0,4600.0
452495,63301.0,53.0,9.0,10000.0
651529,65406.0,35.0,13.0,24000.0
569016,63903.0,46.0,8.0,12000.0
1033125,67200.0,43.0,14.0,40000.0
474307,63402.0,33.0,1.0,9000.0
485692,63502.0,81.0,5.0,11000.0
72509,61103.0,40.0,3.0,50000.0
660916,65408.0,70.0,9.0,12300.0
336825,62406.0,38.0,13.0,90000.0
47182,60800.0,38.0,7.0,0.0
71417,61103.0,49.0,11.0,8100.0
172566,63100.0,37.0,9.0,40000.0
487111,63503.0,43.0,9.0,60000.0
366688,62701.0,33.0,13.0,73060.0
382263,62704.0,62.0,12.0,32000.0
78719,61201.0,20.0,9.0,3600.0
727037,65418.0,20.0,11.0,400.0
473143,63402.0,38.0,11.0,66400.0
935538,66122.0,43.0,9.0,83000.0
464743,63401.0,37.0,8.0,7000.0
893275,66114.0,67.0,1.0,0.0
588253,66701.0,35.0,12.0,22200.0
618399,66601.0,18.0,11.0,11000.0
283827,62301.0,18.0,8.0,1500.0
546723,64406.0,47.0,12.0,0.0
455061,63301.0,81.0,8.0,9500.0
1199178,68113.0,28.0,13.0,17000.0
1188814,68111.0,55.0,13.0,154000.0
1088556,67900.0,34.0,9.0,70000.0
300135,62305.0,58.0,10.0,26000.0
391,60100.0,63.0,5.0,0.0
712291,65416.0,44.0,9.0,3500.0
264020,62203.0,30.0,13.0,140000.0
1221862,68116.0,50.0,11.0,79200.0
307789,62306.0,62.0,13.0,6000.0
222919,62102.0,78.0,9.0,45800.0
143247,61505.0,53.0,11.0,24000.0
111706,61402.0,82.0,2.0,19400.0
145801,61506.0,60.0,1.0,0.0
257554,62202.0,72.0,2.0,8220.0
818341,66103.0,64.0,15.0,22000.0
117628,61403.0,21.0,11.0,11000.0
1188651,68111.0,19.0,9.0,0.0
249736,62108.0,49.0,11.0,53000.0
1037867,67606.0,48.0,9.0,30000.0
100463,61303.0,36.0,14.0,74300.0
1036194,67606.0,30.0,8.0,9800.0
704919,65415.0,48.0,3.0,42700.0
903284,66119.0,52.0,1.0,18200.0
599571,66200.0,33.0,12.0,0.0
42461,60700.0,23.0,9.0,24300.0
1169657,68108.0,21.0,9.0,16000.0
302943,62305.0,74.0,11.0,27900.0
65627,61102.0,47.0,9.0,45000.0
101635,61303.0,47.0,11.0,9000.0
1062031,67607.0,36.0,13.0,15000.0
205166,62500.0,48.0,11.0,3200.0
174778,63100.0,64.0,14.0,24000.0
1086996,67802.0,36.0,9.0,37000.0
839512,65000.0,39.0,15.0,325000.0
102911,61303.0,55.0,9.0,17000.0
187255,61902.0,31.0,8.0,40000.0
661720,65408.0,72.0,14.0,32800.0
363271,62701.0,65.0,14.0,56000.0
